#ifndef IMG_RGB565_H
#define IMG_RGB565_H

#include <Arduino.h>

// 由图片转换生成：ea54bb8d1e251b1d2cca8342240527f1.jpg
// 尺寸：128x128，格式：RGB565。
// main.cpp 中通过 tft.setSwapBytes(true) 和 tft.pushImage() 显示。
const uint16_t img[0x4000] PROGMEM = {
  0xAD94, 0xAD94, 0xAD94, 0xAD94, 0xAD94, 0xAD94, 0xAD94, 0xAD94, 0xAD94, 0xAD94, 0xAD94, 0xAD94,
  0xAD94, 0xAD94, 0xAD94, 0xA574, 0xA574, 0xA574, 0xA574, 0xA574, 0xA574, 0xA574, 0xA574, 0xA573,
  0xA573, 0xA573, 0xA573, 0xA573, 0xA573, 0xA553, 0xA553, 0xA553, 0xA553, 0xA553, 0xA553, 0xA553,
  0xA553, 0xA553, 0x9D52, 0x9D32, 0x9D32, 0x9D32, 0x9D32, 0x9D32, 0x9D32, 0x9D32, 0x9D12, 0x9D12,
  0x9D11, 0x9511, 0x94F1, 0x94F1, 0x94F1, 0x94F1, 0x94F0, 0x94F0, 0x8CF0, 0x94D0, 0x8CD0, 0x9512,
  0x9D94, 0xAE17, 0xB679, 0xBEBA, 0xBEBA, 0xB6BA, 0xA679, 0x8E58, 0x7618, 0x75F7, 0x8E38, 0x9E59,
  0xA679, 0xAE99, 0xB6BA, 0xB69A, 0xB679, 0xA618, 0x8D35, 0x6410, 0x428A, 0x2124, 0x20E2, 0x28E2,
  0x28E2, 0x28E2, 0x28E2, 0x28E2, 0x28E2, 0x28E2, 0x28E2, 0x28E2, 0x2902, 0x2902, 0x2902, 0x2902,
  0x28E2, 0x28E2, 0x28E2, 0x28E2, 0x28E2, 0x28E2, 0x28E2, 0x28E2, 0x28E2, 0x28E2, 0x28E2, 0x28E2,
  0x28E2, 0x28E2, 0x28E2, 0x28E2, 0x28C2, 0x28C2, 0x28C2, 0x28C2, 0x28C2, 0x20C2, 0x20C2, 0x20C2,
  0x20C2, 0x20C2, 0x20C2, 0x20C2, 0x20C2, 0x20C2, 0x20C2, 0x20C2, 0xAD94, 0xAD94, 0xAD94, 0xAD94,
  0xAD94, 0xAD94, 0xAD94, 0xAD94, 0xAD94, 0xAD94, 0xAD94, 0xAD94, 0xAD94, 0xAD94, 0xAD94, 0xAD94,
  0xAD94, 0xAD94, 0xAD94, 0xAD94, 0xAD94, 0xAD94, 0xAD94, 0xAD94, 0xAD94, 0xAD94, 0xA574, 0xA574,
  0xA574, 0xA573, 0xA573, 0xA573, 0xA573, 0xA573, 0xA573, 0xA553, 0xA573, 0xA553, 0xA553, 0xA553,
  0xA553, 0xA553, 0xA553, 0x9D52, 0x9D32, 0x9D32, 0x9D32, 0x9D32, 0x9D12, 0x9D12, 0x9D11, 0x9511,
  0x9511, 0x94F1, 0x94F0, 0x94F0, 0x94F0, 0x94F0, 0x94D1, 0x9512, 0x9D94, 0xAE17, 0xB679, 0xBEBA,
  0xBEDA, 0xB6BA, 0xA69A, 0x9679, 0x8617, 0x7DD6, 0x8E17, 0xA658, 0xAE79, 0xB699, 0xB6BA, 0xB69A,
  0xB679, 0xA618, 0x8D35, 0x6410, 0x428A, 0x2124, 0x20E2, 0x28E2, 0x28E2, 0x28E2, 0x28E2, 0x28E2,
  0x28E2, 0x28E2, 0x28E2, 0x28E2, 0x2902, 0x2902, 0x2902, 0x2902, 0x28E2, 0x28E2, 0x28E2, 0x28E2,
  0x28E2, 0x28E2, 0x28E2, 0x28E2, 0x28E2, 0x28E2, 0x28E2, 0x28E2, 0x28E2, 0x28E2, 0x28E2, 0x28E2,
  0x28E2, 0x28E2, 0x28E2, 0x28E2, 0x28E2, 0x28E2, 0x28E2, 0x28E2, 0x28E2, 0x28C2, 0x28C2, 0x28C2,
  0x28C2, 0x28C2, 0x28C2, 0x28C2, 0xADB4, 0xADB4, 0xAD94, 0xADB4, 0xADB4, 0xADB4, 0xADB4, 0xADB4,
  0xADB4, 0xADB4, 0xADB4, 0xADB4, 0xADB4, 0xADB4, 0xAD94, 0xAD94, 0xAD94, 0xADB4, 0xAD94, 0xAD94,
  0xAD94, 0xAD94, 0xAD94, 0xAD94, 0xAD94, 0xAD94, 0xAD94, 0xAD94, 0xAD94, 0xAD94, 0xAD94, 0xAD94,
  0xA574, 0xA574, 0xA573, 0xA573, 0xA573, 0xA573, 0xA573, 0xA573, 0xA573, 0xA573, 0xA553, 0xA553,
  0xA553, 0x9D52, 0x9D32, 0x9D32, 0x9D32, 0x9D32, 0x9D12, 0x9D11, 0x9D11, 0x9511, 0x9511, 0x94F1,
  0x94F0, 0x94F0, 0x94F1, 0x9532, 0xA5B5, 0xAE37, 0xB699, 0xBEDA, 0xBEFB, 0xBEFB, 0xAEDA, 0xA699,
  0x9658, 0x8DF6, 0x95F6, 0xA637, 0xAE78, 0xB6B9, 0xBEDA, 0xB6B9, 0xB679, 0xA5F7, 0x8D34, 0x6410,
  0x4289, 0x2124, 0x20E2, 0x2902, 0x2902, 0x2902, 0x2902, 0x28E2, 0x28E2, 0x28E2, 0x28E2, 0x28E2,
  0x2902, 0x2902, 0x2902, 0x2902, 0x28E2, 0x28E2, 0x28E2, 0x28E2, 0x28E2, 0x28E2, 0x28E2, 0x28E2,
  0x28E2, 0x28E2, 0x28E2, 0x28E2, 0x28E2, 0x28E2, 0x28E2, 0x28E2, 0x28E2, 0x28E2, 0x28E2, 0x28E2,
  0x28E2, 0x28E2, 0x28E2, 0x28E2, 0x28E2, 0x28E2, 0x28E2, 0x28E2, 0x28E2, 0x28E2, 0x28E2, 0x28E2,
  0xADB4, 0xADB4, 0xADB4, 0xADB5, 0xADB5, 0xADB5, 0xADB5, 0xADB5, 0xADB5, 0xADB5, 0xADB4, 0xADB4,
  0xADB4, 0xADB4, 0xADB4, 0xADB4, 0xADB5, 0xADB5, 0xADB5, 0xADB5, 0xADB5, 0xADB5, 0xADB5, 0xADB4,
  0xADB4, 0xADB4, 0xADB4, 0xAD94, 0xAD94, 0xAD94, 0xAD94, 0xAD94, 0xAD94, 0xAD94, 0xAD94, 0xA574,
  0xA573, 0xA573, 0xA573, 0xA573, 0xA573, 0xA573, 0xA573, 0xA553, 0xA553, 0xA552, 0x9D52, 0x9D52,
  0x9D32, 0x9D32, 0x9D32, 0x9D12, 0x9D11, 0x9511, 0x9511, 0x9511, 0x94F1, 0x94F0, 0x94F1, 0x9532,
  0xA5B5, 0xAE37, 0xBE99, 0xBEDA, 0xC6FB, 0xBF1B, 0xB6DA, 0xAEBA, 0xAE99, 0xA658, 0xA637, 0xAE58,
  0xB679, 0xBEB9, 0xBEBA, 0xB6B9, 0xAE79, 0xA5F7, 0x8D34, 0x6410, 0x4269, 0x2123, 0x20E2, 0x28E2,
  0x20E2, 0x20E2, 0x20E2, 0x28E2, 0x28E2, 0x28E2, 0x28E2, 0x28E2, 0x2902, 0x2902, 0x2902, 0x2902,
  0x28E2, 0x28E2, 0x28E2, 0x28E2, 0x28E2, 0x28E2, 0x28E2, 0x28E2, 0x28E2, 0x28E2, 0x28E2, 0x28E2,
  0x28E2, 0x28E2, 0x28E2, 0x28E2, 0x28E2, 0x28E2, 0x28E2, 0x28E2, 0x28E2, 0x28E2, 0x28E2, 0x28E2,
  0x28E2, 0x28E2, 0x28E2, 0x28E2, 0x28E2, 0x28E2, 0x28E2, 0x28E2, 0xADB5, 0xADB5, 0xADB5, 0xADB5,
  0xADB5, 0xADB5, 0xADB5, 0xADB4, 0xADB4, 0xADB4, 0xADB5, 0xADB5, 0xADB5, 0xADB5, 0xADB5, 0xADB5,
  0xADB5, 0xADB5, 0xADB5, 0xADB5, 0xADB5, 0xADB5, 0xADB5, 0xADB5, 0xADB5, 0xADB5, 0xADB5, 0xADB4,
  0xADB4, 0xADB4, 0xADB4, 0xADB4, 0xADB4, 0xAD94, 0xAD94, 0xAD94, 0xAD94, 0xAD94, 0xAD94, 0xA593,
  0xA573, 0xA573, 0xA573, 0xA573, 0xA553, 0xA553, 0xA552, 0xA552, 0x9D52, 0x9D32, 0x9D32, 0x9D32,
  0x9D12, 0x9D11, 0x9511, 0x94F1, 0x94F1, 0x94F1, 0x94F1, 0x9D32, 0xA595, 0xAE37, 0xBE99, 0xBEFA,
  0xC71B, 0xC71B, 0xBEFA, 0xB6BA, 0xB699, 0xB698, 0xAE78, 0xB699, 0xBEB9, 0xBEBA, 0xBEDA, 0xBEDA,
  0xB679, 0xA5F7, 0x8D34, 0x6410, 0x3A69, 0x2104, 0x20E2, 0x28E2, 0x20E2, 0x20E2, 0x20E2, 0x20E2,
  0x28E2, 0x28E2, 0x28E2, 0x28E2, 0x28E2, 0x28E2, 0x28E2, 0x28E2, 0x28E2, 0x28E2, 0x28E2, 0x28E2,
  0x28E2, 0x28E2, 0x28E2, 0x28E2, 0x28E2, 0x28E2, 0x28E2, 0x28E2, 0x28E2, 0x28E2, 0x28E2, 0x28E2,
  0x28E2, 0x28E2, 0x28E2, 0x28E2, 0x28E2, 0x28E2, 0x28E2, 0x28E2, 0x28E2, 0x28E2, 0x28E2, 0x28E2,
  0x28E2, 0x28E2, 0x28E2, 0x28E2, 0xADB5, 0xADB5, 0xADB5, 0xADB5, 0xADB5, 0xADB5, 0xADB5, 0xADB4,
  0xADB4, 0xADB5, 0xADB5, 0xADB4, 0xADB5, 0xB5D5, 0xB5D5, 0xB5D5, 0xB5D5, 0xB5D5, 0xB5D5, 0xB5D5,
  0xB5D5, 0xB5D5, 0xB5D5, 0xB5D5, 0xB5D5, 0xB5D5, 0xB5D5, 0xADB5, 0xADB5, 0xADB5, 0xADB5, 0xADB4,
  0xADB4, 0xADB4, 0xADB4, 0xAD94, 0xAD94, 0xAD94, 0xAD94, 0xAD94, 0xA593, 0xA573, 0xA573, 0xA573,
  0xA573, 0xA573, 0xA553, 0xA552, 0x9D52, 0x9D32, 0x9D32, 0x9D32, 0x9D12, 0x9D11, 0x9511, 0x94F1,
  0x94F1, 0x94F1, 0x94F1, 0x9D32, 0xA594, 0xAE37, 0xBE99, 0xC6FA, 0xC71B, 0xC71B, 0xBEFB, 0xBEFA,
  0xBEDA, 0xB6B9, 0xB6B9, 0xBEB9, 0xBEDA, 0xC6DA, 0xC6DA, 0xBEDA, 0xB679, 0xA5F7, 0x8534, 0x6410,
  0x3A69, 0x2104, 0x20C2, 0x28E2, 0x20E2, 0x20E2, 0x20E2, 0x20E2, 0x20E2, 0x20E2, 0x20E2, 0x20E2,
  0x20E2, 0x20E2, 0x20E2, 0x20E2, 0x20E2, 0x20E2, 0x20E2, 0x20E2, 0x28E2, 0x28E2, 0x28E2, 0x28E2,
  0x28E2, 0x20E2, 0x20E2, 0x20E2, 0x20E2, 0x28C2, 0x28E2, 0x28E2, 0x28E2, 0x28E2, 0x28E2, 0x28E2,
  0x28E2, 0x28E2, 0x28E2, 0x28E2, 0x28E2, 0x28E2, 0x28E2, 0x28E2, 0x28E2, 0x28E2, 0x28E2, 0x28E2,
  0xADB5, 0xADB5, 0xADB5, 0xADB5, 0xADB5, 0xADB5, 0xADB5, 0xADB5, 0xADB4, 0xADB5, 0xB5D5, 0xB5D5,
  0xB5D5, 0xB5D5, 0xB5D5, 0xB5D5, 0xB5D5, 0xB5D5, 0xB5D5, 0xB5D5, 0xB5D5, 0xB5D5, 0xB5D5, 0xB5D5,
  0xB5D5, 0xB5D5, 0xB5D5, 0xB5D5, 0xB5D5, 0xB5D5, 0xB5D5, 0xB5D5, 0xADB4, 0xADB4, 0xADB4, 0xADB4,
  0xADB4, 0xAD94, 0xAD94, 0xAD94, 0xAD94, 0xAD94, 0xAD94, 0xA573, 0xA573, 0xA573, 0xA573, 0xA553,
  0xA552, 0x9D52, 0x9D32, 0x9D32, 0x9D12, 0x9D11, 0x9511, 0x94F1, 0x94F1, 0x94F1, 0x94F1, 0x9D32,
  0xA5B5, 0xB637, 0xBE99, 0xC6FA, 0xC71B, 0xC71B, 0xC71B, 0xC71B, 0xBEFB, 0xBEDA, 0xBEDA, 0xBEDA,
  0xC6DA, 0xC6FA, 0xC6FA, 0xBEDA, 0xB699, 0xA5F7, 0x8534, 0x63F0, 0x3A69, 0x2104, 0x20C2, 0x20E2,
  0x20E2, 0x20E2, 0x20E2, 0x20E2, 0x20E2, 0x20E2, 0x20E2, 0x20E2, 0x20E2, 0x20E2, 0x20E2, 0x20E2,
  0x20E2, 0x20E2, 0x20E2, 0x20E2, 0x20E2, 0x20E2, 0x20E2, 0x20E2, 0x20E2, 0x20C2, 0x20C2, 0x20C2,
  0x20C2, 0x20C2, 0x20C2, 0x20C2, 0x20C2, 0x20C2, 0x20C2, 0x20C2, 0x20C2, 0x20C2, 0x20C2, 0x20E2,
  0x20E2, 0x20C2, 0x20C2, 0x20C2, 0x20C2, 0x20E2, 0x28E3, 0x28E3, 0xADB5, 0xADB5, 0xADB5, 0xADB5,
  0xADB5, 0xADB5, 0xADB5, 0xB5D5, 0xADD5, 0xB5D5, 0xB5D5, 0xB5D5, 0xB5D5, 0xB5D5, 0xB5D5, 0xB5D5,
  0xB5D5, 0xB5D5, 0xB5D5, 0xB5D5, 0xB5D5, 0xB5D5, 0xB5D5, 0xB5D5, 0xB5D5, 0xB5D5, 0xB5D5, 0xB5D5,
  0xB5D5, 0xB5D5, 0xB5D5, 0xB5D5, 0xADD4, 0xADD4, 0xADB4, 0xADB4, 0xADB4, 0xADB4, 0xAD94, 0xAD94,
  0xAD94, 0xAD94, 0xAD94, 0xA573, 0xA573, 0xA573, 0xA573, 0xA573, 0xA552, 0xA552, 0x9D32, 0x9D32,
  0x9D32, 0x9D11, 0x9D11, 0x94F1, 0x94F1, 0x94F1, 0x94F1, 0x9D32, 0xA5B5, 0xB637, 0xBE99, 0xBEFA,
  0xC71B, 0xCF3C, 0xC73C, 0xC71B, 0xC71B, 0xC6FB, 0xC6FA, 0xC6FA, 0xC6FA, 0xC6FA, 0xC6FB, 0xBEDA,
  0xB699, 0xA5F7, 0x8534, 0x63F0, 0x3A49, 0x2103, 0x20C2, 0x20E2, 0x20E2, 0x20E2, 0x20E2, 0x20E2,
  0x20E2, 0x20E2, 0x20E2, 0x20E2, 0x20E2, 0x20E2, 0x20E2, 0x20E2, 0x20E2, 0x20E2, 0x20E2, 0x20E2,
  0x20E2, 0x20E2, 0x20E2, 0x20E2, 0x20E2, 0x20C2, 0x20C2, 0x20C2, 0x20C2, 0x20E2, 0x20E2, 0x20E2,
  0x20E2, 0x20E2, 0x20C2, 0x20C2, 0x20C2, 0x20C2, 0x20C2, 0x20C2, 0x20C2, 0x20C2, 0x20C2, 0x20C2,
  0x20C2, 0x20C2, 0x20C2, 0x20C2, 0xB5B5, 0xB5B5, 0xB5B5, 0xB5B5, 0xB5B5, 0xB5B5, 0xB5B5, 0xB5B5,
  0xB5D5, 0xB5D5, 0xB5D5, 0xB5D5, 0xB5D5, 0xB5D5, 0xB5D5, 0xB5D5, 0xB5D5, 0xB5D5, 0xB5D5, 0xB5D5,
  0xB5D5, 0xB5D5, 0xB5D5, 0xB5D5, 0xB5D5, 0xB5D5, 0xB5D5, 0xB5D5, 0xB5D5, 0xB5D5, 0xB5D5, 0xB5D5,
  0xB5D5, 0xB5D4, 0xADB4, 0xADB4, 0xADB4, 0xADB4, 0xAD94, 0xAD94, 0xAD94, 0xAD94, 0xAD94, 0xAD93,
  0xA573, 0xA573, 0xA553, 0xA553, 0xA552, 0xA552, 0x9D32, 0x9D32, 0x9D32, 0x9D11, 0x9D11, 0x94F1,
  0x94F1, 0x94F0, 0x94F0, 0x9D32, 0xA5B5, 0xB637, 0xBEB9, 0xC6FA, 0xC71B, 0xCF3B, 0xC73B, 0xC73B,
  0xC71B, 0xC71B, 0xC71B, 0xC71B, 0xC71B, 0xC6FB, 0xC6FB, 0xBEDA, 0xB699, 0xA5F7, 0x8534, 0x63F0,
  0x3A49, 0x2103, 0x20C2, 0x20E2, 0x20E2, 0x20E2, 0x20E2, 0x20E2, 0x20E2, 0x20E2, 0x20E2, 0x20E2,
  0x20E2, 0x20E2, 0x20E2, 0x20E2, 0x20E2, 0x20E2, 0x20E2, 0x20E2, 0x20E2, 0x20E2, 0x20E2, 0x20E2,
  0x20E2, 0x20C2, 0x20E2, 0x20C2, 0x20E2, 0x20E2, 0x20E2, 0x20E2, 0x20C2, 0x20C2, 0x20C2, 0x20C2,
  0x20C2, 0x20A2, 0x20C2, 0x20C2, 0x20A2, 0x20C2, 0x20C2, 0x20A2, 0x20A2, 0x20A2, 0x20A2, 0x20C2,
  0xB5B5, 0xB5B5, 0xB5B5, 0xB5B5, 0xB5B5, 0xB5B5, 0xB5B5, 0xB5B5, 0xB5B5, 0xB5D5, 0xB5D5, 0xB5D5,
  0xB5D5, 0xB5D5, 0xB5D5, 0xB5D5, 0xB5D5, 0xB5D5, 0xB5D5, 0xB5D5, 0xB5D5, 0xB5D5, 0xB5D5, 0xB5D5,
  0xB5D5, 0xB5D5, 0xB5F5, 0xB5F5, 0xB5D5, 0xB5D5, 0xB5D5, 0xB5D5, 0xB5D5, 0xB5D5, 0xADD4, 0xADB4,
  0xADB4, 0xADB4, 0xAD94, 0xAD94, 0xAD94, 0xAD94, 0xAD93, 0xAD93, 0xAD73, 0xA573, 0xA573, 0xA573,
  0xA552, 0xA552, 0x9D32, 0x9D32, 0x9D31, 0x9D11, 0x9D11, 0x94F1, 0x94F1, 0x94F0, 0x94F0, 0x9D32,
  0xA5B4, 0xB637, 0xBEB9, 0xC6FA, 0xCF3B, 0xCF3B, 0xCF3B, 0xCF3B, 0xCF3B, 0xCF1B, 0xCF1B, 0xC71B,
  0xC71B, 0xC71B, 0xC6FB, 0xC6DA, 0xB699, 0xA5F7, 0x8D34, 0x63F0, 0x3A49, 0x2103, 0x20C2, 0x20E2,
  0x20E2, 0x20E2, 0x20E2, 0x20E2, 0x20E2, 0x20E2, 0x20E2, 0x20E2, 0x20E2, 0x20E2, 0x20E2, 0x20E2,
  0x20E2, 0x20E2, 0x20E2, 0x20E2, 0x20E2, 0x20E2, 0x20E2, 0x20E2, 0x20E2, 0x20E2, 0x20E2, 0x20E2,
  0x20E2, 0x20E2, 0x20C2, 0x20C2, 0x18C2, 0x20C2, 0x18A2, 0x18A2, 0x18A2, 0x18A2, 0x18A2, 0x18A2,
  0x18A2, 0x20C2, 0x20A2, 0x20A2, 0x20A2, 0x20A2, 0x20A2, 0x20C2, 0xB5B5, 0xB5B5, 0xB5B5, 0xB5B5,
  0xB5B5, 0xB5B5, 0xB5B5, 0xB5B5, 0xB5B5, 0xB5D5, 0xB5D5, 0xB5D5, 0xB5D5, 0xB5D5, 0xB5D5, 0xB5D5,
  0xB5D5, 0xB5D5, 0xB5D5, 0xB5D5, 0xB5D5, 0xB5D5, 0xB5D5, 0xB5D5, 0xB5F5, 0xB5F5, 0xB5F5, 0xB5F5,
  0xB5D5, 0xB5D5, 0xB5D5, 0xB5D5, 0xB5D5, 0xB5D4, 0xADD4, 0xADB4, 0xADB4, 0xADB4, 0xADB4, 0xADB4,
  0xAD94, 0xAD94, 0xAD93, 0xAD93, 0xAD73, 0xA573, 0xA573, 0xA573, 0xA553, 0xA552, 0x9D32, 0x9D32,
  0x9D31, 0x9D11, 0x9D11, 0x94F1, 0x94F1, 0x94F0, 0x94F0, 0x9D32, 0xA5B4, 0xB657, 0xBEB9, 0xC6FA,
  0xCF3B, 0xCF3B, 0xCF3B, 0xCF3B, 0xCF1B, 0xCF1B, 0xCF1B, 0xCF1B, 0xCF1B, 0xC71B, 0xC71B, 0xC6DA,
  0xB699, 0xA5F7, 0x8D34, 0x63F0, 0x3A49, 0x2103, 0x20E2, 0x20E2, 0x20E2, 0x20E2, 0x20E2, 0x20E2,
  0x20E2, 0x20E2, 0x20E2, 0x20E2, 0x20E2, 0x20E2, 0x20E2, 0x20E2, 0x20E2, 0x20E2, 0x20E2, 0x20E2,
  0x20E2, 0x20E2, 0x20E2, 0x20E2, 0x20E2, 0x20E2, 0x20E2, 0x20E2, 0x20E2, 0x20C2, 0x20C2, 0x18C2,
  0x18C2, 0x18A2, 0x18A2, 0x18A2, 0x18A2, 0x18A2, 0x18A2, 0x18A2, 0x18A2, 0x20A2, 0x20A2, 0x20C2,
  0x20C2, 0x20C2, 0x20C2, 0x20C3, 0xB5B5, 0xB5B5, 0xB5B5, 0xB5B5, 0xB5B5, 0xB5B5, 0xB5B5, 0xB5B5,
  0xB5B5, 0xB5D5, 0xB5D5, 0xB5D5, 0xB5D5, 0xB5D5, 0xB5D5, 0xB5D5, 0xB5D5, 0xB5D5, 0xB5D5, 0xB5F5,
  0xB5F5, 0xB5F5, 0xB5F5, 0xB5F5, 0xB5F5, 0xB5F5, 0xB5F5, 0xB5F5, 0xB5F5, 0xB5D5, 0xB5D5, 0xB5D4,
  0xB5D4, 0xB5D4, 0xADD4, 0xB5D5, 0xADB4, 0xADB4, 0xADB4, 0xADB4, 0xADB4, 0xAD94, 0xAD94, 0xAD93,
  0xAD93, 0xA573, 0xA573, 0xA553, 0xA553, 0xA552, 0x9D52, 0x9D32, 0x9D32, 0x9D11, 0x9D11, 0x9511,
  0x94F1, 0x94F0, 0x94F0, 0x9D32, 0xADB5, 0xB657, 0xBEB9, 0xC6FA, 0xCF1B, 0xCF1B, 0xCF1B, 0xCEFA,
  0xC6D9, 0xC6D9, 0xC6DA, 0xCEFA, 0xCEFA, 0xCF1B, 0xC71B, 0xC6DA, 0xB699, 0xA617, 0x8D34, 0x63F0,
  0x3A49, 0x2104, 0x20E2, 0x20E2, 0x20E2, 0x20E2, 0x20E2, 0x20E2, 0x20E2, 0x20E2, 0x20E2, 0x20E2,
  0x20E2, 0x20E2, 0x20E2, 0x20E2, 0x20E2, 0x20E2, 0x20E2, 0x20E2, 0x20E2, 0x20E2, 0x20E2, 0x20E2,
  0x20E2, 0x20C2, 0x20C2, 0x20C2, 0x20C2, 0x20C2, 0x18C2, 0x18C2, 0x18A2, 0x18A2, 0x18A2, 0x18A2,
  0x18A2, 0x18A2, 0x20C2, 0x20C2, 0x20C2, 0x20C2, 0x20C2, 0x20C2, 0x20C3, 0x20C3, 0x20C3, 0x20C3,
  0xB5B5, 0xB5B5, 0xB5B5, 0xB5B5, 0xB5B5, 0xB5B5, 0xB5B5, 0xB5D5, 0xB5D5, 0xB5D5, 0xB5D5, 0xB5D5,
  0xB5D5, 0xB5D5, 0xB5D5, 0xB5D5, 0xB5D5, 0xB5F5, 0xB5F5, 0xB5F5, 0xB5F5, 0xB5F5, 0xB5F5, 0xB5F5,
  0xB5F5, 0xB5F5, 0xB5F5, 0xB5F5, 0xB5F5, 0xB5F5, 0xB5F5, 0xB5F5, 0xB5D5, 0xB5D4, 0xB5D5, 0xB5D4,
  0xB5B4, 0xADB4, 0xADB4, 0xADB4, 0xADB4, 0xAD94, 0xAD93, 0xAD93, 0xAD93, 0xAD73, 0xA573, 0xA573,
  0xA553, 0xA552, 0x9D52, 0x9D32, 0x9D32, 0x9D31, 0x9D11, 0x9511, 0x94F1, 0x94F0, 0x94F0, 0x9D32,
  0xADB5, 0xB657, 0xBEB9, 0xC6FA, 0xCF1A, 0xCF1A, 0xCEDA, 0xC6B9, 0xC678, 0xBE58, 0xBE78, 0xC699,
  0xC6D9, 0xCEFA, 0xC6FA, 0xC6DA, 0xB699, 0xA617, 0x8D34, 0x63F0, 0x3A49, 0x1903, 0x20E2, 0x2902,
  0x2102, 0x2102, 0x2102, 0x28E2, 0x28E2, 0x28E2, 0x28E2, 0x28E2, 0x20E2, 0x20E2, 0x20E2, 0x20E2,
  0x20E2, 0x20E2, 0x20E2, 0x20E2, 0x20E2, 0x20E2, 0x20E2, 0x20E2, 0x20E2, 0x20C2, 0x20C2, 0x20C2,
  0x20C2, 0x20C2, 0x18A2, 0x18A2, 0x18A2, 0x18A2, 0x18A2, 0x18A2, 0x18A2, 0x20C2, 0x20C2, 0x20C2,
  0x20C2, 0x20C2, 0x20C3, 0x20C3, 0x20C3, 0x20C3, 0x20E3, 0x20E3, 0xB5D5, 0xB5D5, 0xB5B5, 0xB5B5,
  0xB5B5, 0xB5B5, 0xB5B5, 0xB5D5, 0xB5D5, 0xB5D5, 0xB5D5, 0xB5D5, 0xB5D5, 0xB5D5, 0xB5D5, 0xB5D5,
  0xB5D5, 0xB5F5, 0xB5F5, 0xB5F5, 0xB5F5, 0xB5D5, 0xB5D5, 0xB5D5, 0xB5D5, 0xB5D5, 0xB5F5, 0xB5F5,
  0xB5F5, 0xB5F5, 0xB5F5, 0xB5D5, 0xB5D5, 0xB5D4, 0xB5D4, 0xB5B4, 0xB5B4, 0xB5B4, 0xB5B4, 0xAD93,
  0xADB3, 0xADB3, 0xAD93, 0xAD93, 0xAD93, 0xA573, 0xA573, 0xA573, 0xA572, 0xA552, 0x9D32, 0x9D31,
  0x9D31, 0x9D11, 0x9D11, 0x9511, 0x94F0, 0x94F0, 0x94F1, 0x9D32, 0xA5D5, 0xB657, 0xBE99, 0xC6DA,
  0xCEFA, 0xCEFA, 0xC6B9, 0xC658, 0xBDF6, 0xBDD6, 0xBE17, 0xBE78, 0xC6B8, 0xC6D9, 0xC6FA, 0xC6DA,
  0xBE99, 0xA617, 0x8D34, 0x63D0, 0x3A28, 0x1903, 0x20E2, 0x2102, 0x2102, 0x2102, 0x2102, 0x2102,
  0x2102, 0x2102, 0x20E2, 0x20E2, 0x20E2, 0x20E2, 0x20E2, 0x2103, 0x20E2, 0x20E2, 0x20E2, 0x20E2,
  0x20E3, 0x20E3, 0x20E3, 0x20E2, 0x20E3, 0x20C3, 0x20C3, 0x20C2, 0x20C2, 0x18C2, 0x18A2, 0x18A2,
  0x18A2, 0x18A2, 0x18A2, 0x20C2, 0x20C2, 0x20C2, 0x20C2, 0x20C2, 0x20C2, 0x20E2, 0x28E2, 0x28E2,
  0x28E2, 0x28E2, 0x2903, 0x2903, 0xB5B5, 0xB5B5, 0xB5B5, 0xB5B5, 0xB5B5, 0xB5B5, 0xB5B5, 0xB5B5,
  0xB5B5, 0xB5D5, 0xB5D5, 0xB5D5, 0xB5D5, 0xB5D5, 0xB5D5, 0xB5D5, 0xB5D5, 0xB5D5, 0xB5D5, 0xB5D5,
  0xB5F5, 0xB5D5, 0xB5D5, 0xB5D5, 0xB5D5, 0xB5D5, 0xB5F5, 0xB5F5, 0xB5D5, 0xB5D5, 0xB5D5, 0xB5D5,
  0xB5D4, 0xB5D4, 0xB5B4, 0xB5B4, 0xB5B4, 0xB5B4, 0xB5B4, 0xAD93, 0xADB3, 0xADB3, 0xAD93, 0xAD93,
  0xAD93, 0xAD73, 0xA573, 0xA573, 0xA572, 0xA552, 0xA552, 0x9D32, 0x9D31, 0x9D31, 0x9D11, 0x9511,
  0x94F0, 0x94F0, 0x94F1, 0x9D32, 0xADD5, 0xB657, 0xC6B9, 0xCEFA, 0xCEFA, 0xCED9, 0xC678, 0xBDD6,
  0xB595, 0xBD95, 0xBDD6, 0xC657, 0xCE98, 0xCED9, 0xC6FA, 0xC6DA, 0xBE99, 0xA617, 0x8D34, 0x63D0,
  0x3A28, 0x1903, 0x20E2, 0x2102, 0x2102, 0x2102, 0x2102, 0x2102, 0x2102, 0x2102, 0x20E2, 0x20E2,
  0x20E2, 0x20E2, 0x20E2, 0x20E2, 0x20E2, 0x20E2, 0x20E2, 0x20E2, 0x20E2, 0x20E3, 0x20E3, 0x20E2,
  0x20E3, 0x20C3, 0x20C2, 0x20C2, 0x20C2, 0x18C2, 0x18A2, 0x18A2, 0x18A2, 0x18A2, 0x20C2, 0x20C2,
  0x20C3, 0x20E2, 0x20E2, 0x28E3, 0x2903, 0x2903, 0x2903, 0x2903, 0x2903, 0x2903, 0x2903, 0x2903,
  0xB5B4, 0xB5B4, 0xB5B5, 0xB5B5, 0xB5B5, 0xB5B5, 0xB5B4, 0xB5B4, 0xB5B4, 0xB5B4, 0xB5D4, 0xB5D4,
  0xB5D4, 0xB5D4, 0xB5D4, 0xB5D4, 0xB5D4, 0xB5D4, 0xB5D4, 0xB5D4, 0xB5D4, 0xB5D5, 0xBDD5, 0xBDD5,
  0xBDD5, 0xBDD5, 0xB5F5, 0xB5F5, 0xB5D4, 0xB5D4, 0xB5D5, 0xB5D5, 0xB5D4, 0xB5D4, 0xB5D4, 0xB5B4,
  0xB5B4, 0xB5B3, 0xB5B3, 0xAD93, 0xAD93, 0xAD93, 0xAD93, 0xAD93, 0xAD73, 0xAD73, 0xAD72, 0xA573,
  0xA552, 0xA552, 0xA552, 0x9D31, 0x9D31, 0x9D11, 0x9D11, 0x9D11, 0x9CF1, 0x9CF0, 0x94F0, 0x9D52,
  0xADD5, 0xB657, 0xC6B9, 0xCEF9, 0xCEF9, 0xCED9, 0xC678, 0xBDF6, 0xB574, 0xB534, 0xBD95, 0xC637,
  0xCE98, 0xCED9, 0xCEFA, 0xC6DA, 0xBE99, 0xA617, 0x8D34, 0x63CF, 0x3A28, 0x1903, 0x20E2, 0x2102,
  0x2102, 0x2102, 0x2102, 0x2102, 0x2102, 0x2102, 0x2102, 0x20E2, 0x20E2, 0x20E2, 0x20E2, 0x20E2,
  0x20E2, 0x20E2, 0x20E2, 0x20E2, 0x20E2, 0x20E3, 0x20E3, 0x20E2, 0x20E3, 0x20C3, 0x20C2, 0x20C2,
  0x18C2, 0x18A2, 0x18A2, 0x18A2, 0x18C2, 0x20C2, 0x20C3, 0x20E3, 0x20E3, 0x20E3, 0x28E3, 0x2903,
  0x2903, 0x2903, 0x2903, 0x2903, 0x2903, 0x2903, 0x3103, 0x3103, 0xB594, 0xB5B4, 0xB5B4, 0xB5B4,
  0xB5B4, 0xB5B4, 0xB5B4, 0xB5B4, 0xB5B4, 0xB5B4, 0xB5B4, 0xB5B4, 0xB5B4, 0xB5B4, 0xB5D4, 0xB5D4,
  0xB5D4, 0xB5D4, 0xB5D4, 0xBDD4, 0xBDD4, 0xB5D5, 0xBDD5, 0xBDD5, 0xBDD5, 0xBDD5, 0xB5F5, 0xB5D5,
  0xBDD4, 0xBDD4, 0xB5D5, 0xB5D5, 0xB5B4, 0xB5B4, 0xB5B4, 0xB5B4, 0xB5B4, 0xB5B3, 0xB5B3, 0xAD93,
  0xAD93, 0xAD93, 0xAD93, 0xAD73, 0xAD73, 0xAD72, 0xAD72, 0xA573, 0xA552, 0xA552, 0xA552, 0x9D32,
  0x9D31, 0x9D31, 0x9D11, 0x9D11, 0x9CF1, 0x9CF0, 0x94F0, 0x9D52, 0xADD5, 0xBE57, 0xC6B9, 0xCEFA,
  0xCEFA, 0xCEFA, 0xCE99, 0xC637, 0xBDD5, 0xBD74, 0xC5B5, 0xCE37, 0xCE98, 0xCED9, 0xCEFA, 0xC6FA,
  0xBE99, 0xA617, 0x8D34, 0x63CF, 0x3A28, 0x1903, 0x20E2, 0x2102, 0x2102, 0x2102, 0x2102, 0x2102,
  0x2102, 0x2102, 0x2102, 0x20E2, 0x20E2, 0x20E2, 0x20E2, 0x20E2, 0x20E2, 0x20E2, 0x20E2, 0x20E2,
  0x20E2, 0x20E3, 0x20E3, 0x20E2, 0x20E3, 0x20C3, 0x20C2, 0x20C2, 0x18A2, 0x18C2, 0x18C2, 0x18C2,
  0x18C2, 0x20C3, 0x20E3, 0x20E3, 0x20E3, 0x2903, 0x2903, 0x2903, 0x2903, 0x2903, 0x2903, 0x2903,
  0x2903, 0x2903, 0x3123, 0x3123, 0xB594, 0xB594, 0xB5B4, 0xB5B4, 0xB5B4, 0xB5B4, 0xB5B4, 0xB5B4,
  0xB5B4, 0xB5B4, 0xB5B4, 0xB5B4, 0xB5B4, 0xB5B4, 0xB5B4, 0xB5B4, 0xB5B4, 0xB5B4, 0xB5B4, 0xB5B4,
  0xBDB4, 0xBDB4, 0xBDD4, 0xBDD4, 0xBDD4, 0xBDD4, 0xB5D4, 0xB5D4, 0xB5B4, 0xB5B4, 0xB5B4, 0xB5B4,
  0xB5B4, 0xB5B4, 0xB5B4, 0xB5B3, 0xB5B4, 0xB593, 0xB593, 0xB593, 0xB593, 0xB593, 0xB573, 0xAD73,
  0xAD73, 0xAD72, 0xAD72, 0xAD52, 0xAD52, 0xA552, 0xA532, 0xA532, 0xA531, 0x9D31, 0x9D11, 0x9D11,
  0x9CF1, 0x9CF0, 0x9CF1, 0xA552, 0xADF5, 0xBE77, 0xC6B9, 0xCEFA, 0xCEFA, 0xCEFA, 0xCED9, 0xCE78,
  0xCE57, 0xC617, 0xCE36, 0xCE78, 0xCEB9, 0xCEF9, 0xCF1A, 0xC6FA, 0xBE99, 0xAE17, 0x8D34, 0x63CF,
  0x3A28, 0x1903, 0x20E3, 0x20E2, 0x2102, 0x2102, 0x2902, 0x2903, 0x2903, 0x2903, 0x2903, 0x2903,
  0x2103, 0x20E2, 0x20E2, 0x20E2, 0x20E3, 0x20E3, 0x20E3, 0x20E3, 0x20E3, 0x20E3, 0x20E3, 0x20C3,
  0x20C3, 0x18C2, 0x18C2, 0x18C2, 0x18A2, 0x18C2, 0x18C2, 0x18C2, 0x20E3, 0x20E3, 0x20E3, 0x20E3,
  0x2903, 0x2903, 0x2903, 0x2903, 0x2903, 0x2903, 0x3123, 0x3123, 0x3123, 0x3123, 0x3124, 0x3124,
  0xB594, 0xB594, 0xB593, 0xB593, 0xB593, 0xB593, 0xB593, 0xB593, 0xB593, 0xB593, 0xB593, 0xB593,
  0xB593, 0xB594, 0xB5B4, 0xB594, 0xB5B4, 0xB5B4, 0xB5B4, 0xBDB4, 0xBDB4, 0xBDB4, 0xBDB4, 0xB5B4,
  0xB5B4, 0xB5B4, 0xB5B4, 0xB5B4, 0xB5B4, 0xB5B4, 0xB5B4, 0xB5B4, 0xB5B4, 0xB593, 0xB5B3, 0xB593,
  0xB593, 0xB593, 0xB593, 0xB573, 0xB573, 0xB573, 0xAD73, 0xAD73, 0xAD73, 0xAD72, 0xAD52, 0xAD52,
  0xA552, 0xA552, 0xA532, 0xA532, 0xA531, 0x9D31, 0x9D11, 0x9D11, 0x9D11, 0x9CF0, 0x9D11, 0xA552,
  0xADF5, 0xBE77, 0xC6B9, 0xCEFA, 0xCEFA, 0xCEFA, 0xCED9, 0xCEB8, 0xCE78, 0xCE78, 0xCE77, 0xCE98,
  0xCEB9, 0xCEF9, 0xC6FA, 0xC6D9, 0xBE79, 0xADF7, 0x8D34, 0x63CF, 0x3208, 0x1903, 0x20E3, 0x2903,
  0x2102, 0x2902, 0x2902, 0x2903, 0x2903, 0x2903, 0x2903, 0x2903, 0x2103, 0x2103, 0x20E2, 0x20E2,
  0x20E3, 0x20E3, 0x20E3, 0x20E3, 0x20E3, 0x20E3, 0x20E3, 0x20C3, 0x20C3, 0x18C2, 0x18C2, 0x18C2,
  0x18C2, 0x18C2, 0x18C2, 0x20C2, 0x20E3, 0x20E3, 0x20E3, 0x2903, 0x2903, 0x2903, 0x2903, 0x2903,
  0x2903, 0x2903, 0x3123, 0x3123, 0x3123, 0x3123, 0x3124, 0x3124, 0xB573, 0xB573, 0xB593, 0xB593,
  0xB573, 0xB593, 0xB593, 0xB573, 0xB593, 0xB573, 0xB573, 0xB573, 0xB593, 0xB593, 0xB593, 0xB593,
  0xB593, 0xBD93, 0xB593, 0xBD93, 0xBD93, 0xBD93, 0xBD94, 0xB5B3, 0xB5B3, 0xB5B4, 0xB5B3, 0xB593,
  0xB593, 0xB593, 0xB593, 0xB593, 0xB593, 0xB593, 0xB593, 0xB593, 0xB593, 0xB573, 0xB573, 0xB573,
  0xAD73, 0xAD73, 0xAD72, 0xAD72, 0xAD52, 0xAD52, 0xAD52, 0xAD52, 0xAD52, 0xA532, 0xA532, 0xA511,
  0x9D11, 0x9D11, 0x9D11, 0x9D11, 0x9D11, 0x9CF1, 0x9D11, 0xA552, 0xADF4, 0xB656, 0xBE98, 0xCED9,
  0xCED9, 0xCED9, 0xCEB8, 0xC678, 0xC657, 0xC677, 0xC677, 0xC677, 0xC698, 0xC6B9, 0xC6B9, 0xBE98,
  0xAE37, 0x9DB6, 0x8CF3, 0x6BCF, 0x3A08, 0x2103, 0x28E3, 0x2102, 0x2902, 0x2902, 0x2902, 0x2903,
  0x2903, 0x2903, 0x2903, 0x2903, 0x2103, 0x2103, 0x2103, 0x20E2, 0x20E3, 0x20E3, 0x20E3, 0x20E3,
  0x20E3, 0x20E3, 0x20E3, 0x20C3, 0x20C3, 0x18C2, 0x18C2, 0x18C2, 0x18C2, 0x18C2, 0x20C2, 0x20E3,
  0x20E3, 0x20E3, 0x2903, 0x2903, 0x2903, 0x2903, 0x2903, 0x2903, 0x2903, 0x3124, 0x3123, 0x3123,
  0x3124, 0x3124, 0x3124, 0x3124, 0xB573, 0xB573, 0xB573, 0xB573, 0xB573, 0xB573, 0xB573, 0xB573,
  0xB573, 0xB573, 0xB573, 0xB572, 0xB572, 0xB593, 0xB593, 0xB573, 0xB593, 0xB593, 0xB593, 0xB573,
  0xB573, 0xB593, 0xB593, 0xB593, 0xB593, 0xB593, 0xB593, 0xB573, 0xB573, 0xB573, 0xB573, 0xB573,
  0xB593, 0xB573, 0xB573, 0xB573, 0xB573, 0xB573, 0xAD73, 0xAD73, 0xAD73, 0xAD52, 0xAD52, 0xAD52,
  0xAD52, 0xAD52, 0xAD32, 0xA532, 0xA531, 0xAD52, 0xB593, 0xB593, 0xB593, 0xB593, 0xB572, 0xAD52,
  0xA511, 0xA4F0, 0x9CF1, 0xA532, 0xA593, 0xADF5, 0xB616, 0xBE57, 0xC697, 0xC677, 0xBE57, 0xBE36,
  0xB616, 0xB616, 0xBE16, 0xBE36, 0xBE36, 0xBE37, 0xB657, 0xAE36, 0x9DB5, 0x9534, 0x7C91, 0x5B6D,
  0x3207, 0x20E3, 0x28E3, 0x2903, 0x2902, 0x2902, 0x2903, 0x2903, 0x2903, 0x2903, 0x2903, 0x2903,
  0x2103, 0x2103, 0x2103, 0x2103, 0x20E3, 0x20E3, 0x20E3, 0x20E3, 0x20E3, 0x20E3, 0x20E3, 0x20C3,
  0x20C3, 0x18C2, 0x18C2, 0x20C2, 0x18C2, 0x20C2, 0x20E3, 0x20E3, 0x2103, 0x2903, 0x2903, 0x2903,
  0x2903, 0x2903, 0x2903, 0x2924, 0x2923, 0x3124, 0x3123, 0x3124, 0x3124, 0x3124, 0x3124, 0x3124,
  0xB552, 0xB552, 0xB552, 0xB552, 0xB552, 0xB552, 0xB552, 0xB552, 0xB572, 0xB572, 0xB572, 0xB572,
  0xB572, 0xB572, 0xB572, 0xB572, 0xB572, 0xB573, 0xB573, 0xB572, 0xB572, 0xB572, 0xB572, 0xB573,
  0xB573, 0xB573, 0xB573, 0xB573, 0xB573, 0xB573, 0xB553, 0xB553, 0xB573, 0xB552, 0xB572, 0xB573,
  0xB552, 0xAD52, 0xAD52, 0xAD52, 0xAD52, 0xAD52, 0xAD52, 0xAD32, 0xAD52, 0xA532, 0xA511, 0xAD72,
  0xC5F5, 0xDE56, 0xDE77, 0xDE56, 0xD636, 0xCDF5, 0xC5B4, 0xBD94, 0xBD93, 0xB573, 0xAD52, 0xA552,
  0xAD93, 0xB5D5, 0xC636, 0xC656, 0xCE57, 0xC657, 0xC636, 0xC616, 0xBE16, 0xB5D5, 0xA593, 0x9D73,
  0x9D94, 0xA594, 0xA594, 0x9D74, 0x8D12, 0x7C90, 0x6BCE, 0x4AEB, 0x31C6, 0x20E3, 0x28E3, 0x2903,
  0x2903, 0x2903, 0x2903, 0x2903, 0x2903, 0x2903, 0x2103, 0x2103, 0x2103, 0x2103, 0x2103, 0x2103,
  0x2103, 0x2103, 0x2103, 0x2103, 0x20E3, 0x20E3, 0x20E3, 0x20E3, 0x20C3, 0x18C3, 0x18C2, 0x18C3,
  0x20C3, 0x20C2, 0x20E3, 0x2103, 0x2103, 0x2903, 0x2904, 0x2903, 0x2903, 0x2903, 0x2904, 0x3124,
  0x3124, 0x3124, 0x3124, 0x3124, 0x3124, 0x3124, 0x3124, 0x3144, 0xB552, 0xB552, 0xB552, 0xB551,
  0xB531, 0xB531, 0xB531, 0xB531, 0xB551, 0xB551, 0xB552, 0xB552, 0xB552, 0xB552, 0xB552, 0xB552,
  0xB552, 0xB552, 0xB552, 0xB552, 0xB552, 0xB552, 0xB552, 0xB552, 0xB552, 0xB552, 0xB552, 0xB552,
  0xB552, 0xB552, 0xB552, 0xB552, 0xAD52, 0xAD52, 0xAD52, 0xAD52, 0xAD51, 0xAD31, 0xAD31, 0xAD31,
  0xAD31, 0xAD31, 0xAD31, 0xAD32, 0xA511, 0xAD32, 0xCDF5, 0xE697, 0xEEB8, 0xEEB8, 0xEEB8, 0xDE57,
  0xC5B5, 0xACF2, 0x9C71, 0x9450, 0x9470, 0x9C91, 0xA4D1, 0xB553, 0xC5D4, 0xD656, 0xDE57, 0xD657,
  0xD636, 0xCDF5, 0xCDD5, 0xC5B4, 0xBD94, 0xB594, 0xAD94, 0x9511, 0x8490, 0x7C90, 0x84B0, 0x7C70,
  0x740E, 0x638D, 0x4AEB, 0x3A48, 0x2965, 0x20E3, 0x28E3, 0x2903, 0x2903, 0x2903, 0x2903, 0x2903,
  0x2903, 0x2903, 0x2103, 0x2103, 0x2103, 0x2103, 0x2103, 0x2103, 0x2903, 0x2903, 0x2903, 0x2903,
  0x2103, 0x20E3, 0x20E3, 0x20E3, 0x20C3, 0x18C3, 0x18C3, 0x18C3, 0x20C3, 0x20E3, 0x20E3, 0x2103,
  0x2103, 0x2904, 0x2904, 0x2903, 0x2904, 0x2904, 0x2904, 0x3124, 0x3124, 0x3124, 0x3124, 0x3124,
  0x3124, 0x3124, 0x3144, 0x3144, 0xB531, 0xB531, 0xB531, 0xB531, 0xB531, 0xB531, 0xB531, 0xB531,
  0xB531, 0xB531, 0xB531, 0xB531, 0xB531, 0xB531, 0xB531, 0xB531, 0xB531, 0xB531, 0xB551, 0xB531,
  0xB531, 0xB531, 0xB531, 0xB531, 0xB531, 0xB531, 0xB531, 0xB531, 0xB531, 0xAD31, 0xAD31, 0xAD31,
  0xAD31, 0xAD31, 0xAD31, 0xAD31, 0xAD31, 0xAD31, 0xAD31, 0xAD31, 0xAD11, 0xAD30, 0xAD31, 0xA511,
  0xBD93, 0xDE77, 0xEED8, 0xEED8, 0xEED8, 0xEEF9, 0xDE77, 0xB534, 0x8C30, 0x7B8E, 0x736D, 0x734D,
  0x736D, 0x736D, 0x736D, 0x7BCE, 0xA4F2, 0xC5D5, 0xD657, 0xDE77, 0xD657, 0xC5D5, 0xB554, 0xACF2,
  0xA4D2, 0x9CB1, 0x9C91, 0x9C91, 0x9471, 0x636C, 0x530A, 0x532B, 0x4AEA, 0x4289, 0x3A07, 0x2985,
  0x2124, 0x20E3, 0x20E3, 0x2903, 0x2903, 0x2903, 0x2903, 0x2903, 0x2903, 0x2903, 0x2903, 0x2903,
  0x2903, 0x2903, 0x2903, 0x2903, 0x2903, 0x2903, 0x2903, 0x2903, 0x2103, 0x2103, 0x20E3, 0x20E3,
  0x20C3, 0x18C3, 0x18C3, 0x20C3, 0x20E3, 0x20E3, 0x2103, 0x2103, 0x2903, 0x2904, 0x2924, 0x2904,
  0x2904, 0x2904, 0x2924, 0x3124, 0x3124, 0x3124, 0x3124, 0x3124, 0x3124, 0x3124, 0x3144, 0x3944,
  0xB510, 0xB530, 0xB510, 0xB510, 0xB510, 0xB510, 0xB510, 0xB510, 0xB510, 0xB510, 0xB510, 0xB510,
  0xB510, 0xB510, 0xB510, 0xB510, 0xB510, 0xB510, 0xB530, 0xB510, 0xB510, 0xB510, 0xB510, 0xB510,
  0xB510, 0xB510, 0xB510, 0xAD10, 0xAD10, 0xAD10, 0xAD10, 0xAD10, 0xAD10, 0xAD10, 0xAD10, 0xAD10,
  0xAD10, 0xA510, 0xA510, 0xA510, 0xAD10, 0xA510, 0xA4F0, 0xCDF4, 0xEED8, 0xEED8, 0xEED8, 0xEEF9,
  0xF6F9, 0xD637, 0xA4D3, 0x83CF, 0x734D, 0x734C, 0x6B2C, 0x6B2C, 0x6B2C, 0x6B4C, 0x736D, 0x736D,
  0x83CE, 0x9CB1, 0xBD94, 0xB574, 0xAD13, 0x9C71, 0x8C10, 0x8BEF, 0x8BEF, 0x8BEF, 0x8C0F, 0x83CF,
  0x7BAE, 0x7BCE, 0x52EA, 0x29C5, 0x29C5, 0x2985, 0x2144, 0x2123, 0x20E3, 0x20E3, 0x2103, 0x2903,
  0x2903, 0x2903, 0x2903, 0x2903, 0x2903, 0x2903, 0x2903, 0x2903, 0x2903, 0x2903, 0x2903, 0x2903,
  0x2903, 0x2903, 0x2903, 0x2903, 0x2103, 0x2103, 0x20E3, 0x20E3, 0x20C3, 0x18C3, 0x18C3, 0x20C3,
  0x20E3, 0x20E3, 0x2103, 0x2103, 0x2903, 0x2904, 0x2924, 0x2924, 0x2924, 0x2924, 0x3124, 0x3124,
  0x3144, 0x3144, 0x3124, 0x3124, 0x3124, 0x3124, 0x3144, 0x3944, 0xB510, 0xB510, 0xB510, 0xB510,
  0xB510, 0xB510, 0xB50F, 0xB4EF, 0xB4EF, 0xB4EF, 0xB4EF, 0xB4EF, 0xB4EF, 0xB4EF, 0xB4EF, 0xB4EF,
  0xB50F, 0xB50F, 0xAD0F, 0xB510, 0xB510, 0xB510, 0xB510, 0xACF0, 0xACF0, 0xACF0, 0xACF0, 0xACF0,
  0xACF0, 0xACF0, 0xACF0, 0xACF0, 0xA510, 0xA4F0, 0xA4F0, 0xA4F0, 0xA4EF, 0xA4EF, 0xA4EF, 0xA4EF,
  0xA4EF, 0xA4EF, 0xCE35, 0xEEF9, 0xEEB8, 0xEED8, 0xEED8, 0xEED9, 0xD617, 0xA4B2, 0x7BAE, 0x6B4C,
  0x6B2C, 0x6B2C, 0x62EB, 0x5AAA, 0x5AAA, 0x62EA, 0x6B2C, 0x6B0B, 0x5AAA, 0x734C, 0x9430, 0x9430,
  0x8BEF, 0x7B8E, 0x7B6D, 0x838E, 0x83AE, 0x83AE, 0x83CE, 0x83CE, 0x7B8E, 0x734D, 0x73AD, 0x4A68,
  0x18E3, 0x1903, 0x18E3, 0x18C2, 0x20C3, 0x20E3, 0x2103, 0x2903, 0x2903, 0x2903, 0x2903, 0x2903,
  0x2903, 0x2903, 0x2903, 0x2903, 0x2903, 0x2903, 0x2903, 0x2903, 0x2903, 0x2903, 0x2903, 0x2903,
  0x2103, 0x20E3, 0x20E3, 0x20E3, 0x20C3, 0x20C3, 0x18C3, 0x20C3, 0x20E3, 0x2103, 0x2103, 0x2903,
  0x2903, 0x2924, 0x2924, 0x2924, 0x2924, 0x3124, 0x3124, 0x3124, 0x3144, 0x3144, 0x3144, 0x3144,
  0x3144, 0x3144, 0x3944, 0x3944, 0xB4EF, 0xB4EF, 0xB4EF, 0xB4EF, 0xB4EF, 0xB4EF, 0xB4EF, 0xB4EF,
  0xB4EF, 0xB4EF, 0xB4EF, 0xB4EF, 0xB4EF, 0xB4EF, 0xB4EF, 0xACEF, 0xACEF, 0xACEF, 0xACEF, 0xACEF,
  0xACEF, 0xACEF, 0xACEF, 0xACEF, 0xACEF, 0xACEF, 0xACEF, 0xACCF, 0xACCF, 0xACCF, 0xACCF, 0xACCF,
  0xA4CF, 0xA4CF, 0xA4CF, 0xA4CF, 0xA4CF, 0xA4CF, 0xA4CF, 0xA4CF, 0x9CCF, 0xCE35, 0xEEF9, 0xE6B8,
  0xEEB8, 0xEED9, 0xEED9, 0xD617, 0xA4D2, 0x7BAE, 0x734C, 0x6B2C, 0x630B, 0x5ACA, 0x5268, 0x5227,
  0x4A06, 0x4A06, 0x5A67, 0x5A67, 0x5226, 0x62C9, 0x7B6C, 0x7B4B, 0x6AE9, 0x6B09, 0x732B, 0x836D,
  0x83AD, 0x83AE, 0x7BAE, 0x7B8E, 0x7BAE, 0x7BAE, 0x6B0B, 0x6B4C, 0x31A5, 0x1081, 0x18C2, 0x18C2,
  0x18C3, 0x20E3, 0x2103, 0x2903, 0x2903, 0x2903, 0x2903, 0x2903, 0x2903, 0x2903, 0x2903, 0x2903,
  0x2903, 0x2903, 0x2903, 0x2903, 0x2103, 0x2103, 0x2103, 0x2103, 0x2103, 0x2103, 0x20E3, 0x20E3,
  0x20C3, 0x20E3, 0x20E3, 0x20E3, 0x20E3, 0x2904, 0x2904, 0x2904, 0x2924, 0x2924, 0x2924, 0x2924,
  0x2924, 0x3124, 0x3124, 0x3124, 0x3144, 0x3144, 0x3145, 0x3145, 0x3145, 0x3145, 0x3944, 0x3944,
  0xB4EF, 0xB4EF, 0xB4EF, 0xB4CE, 0xB4CE, 0xB4CE, 0xB4CE, 0xB4CE, 0xB4CE, 0xB4CE, 0xB4CE, 0xB4CE,
  0xB4CE, 0xB4CE, 0xB4CE, 0xACCE, 0xACCE, 0xACCE, 0xACCE, 0xACCE, 0xACCE, 0xACCE, 0xACCE, 0xACCE,
  0xACCE, 0xACCE, 0xACCE, 0xACCE, 0xACCE, 0xACAE, 0xACAE, 0xA4AE, 0xA4AE, 0xA4AE, 0xA4AE, 0xA4AE,
  0xA4AE, 0xA4AE, 0x9CAE, 0x9CAE, 0xCDF4, 0xEEF9, 0xE6B8, 0xEEB8, 0xEED8, 0xEEB8, 0xDE37, 0xA4D2,
  0x7BCF, 0x734D, 0x6B2C, 0x62EB, 0x5A89, 0x5247, 0x49E5, 0x3123, 0x30E2, 0x30C1, 0x30E1, 0x30E1,
  0x28C2, 0x28E3, 0x3123, 0x2902, 0x2901, 0x3143, 0x5247, 0x732A, 0x7B4B, 0x838D, 0x83AE, 0x7B8D,
  0x7BAE, 0x7BAE, 0x7B8E, 0x62EB, 0x52A9, 0x2964, 0x10A1, 0x18C2, 0x18C2, 0x20E3, 0x2103, 0x2903,
  0x2903, 0x2903, 0x2903, 0x2903, 0x2903, 0x2903, 0x2903, 0x2903, 0x2903, 0x2903, 0x2903, 0x2903,
  0x2903, 0x2903, 0x2903, 0x2903, 0x2903, 0x2103, 0x2103, 0x20E3, 0x20E3, 0x20E3, 0x20E3, 0x20E3,
  0x2904, 0x2924, 0x2924, 0x2904, 0x2924, 0x2924, 0x2924, 0x3124, 0x3124, 0x3124, 0x3124, 0x3124,
  0x3144, 0x3145, 0x3145, 0x3145, 0x3145, 0x3165, 0x3944, 0x3945, 0xB4EE, 0xB4EE, 0xB4CE, 0xB4CE,
  0xB4CE, 0xB4CE, 0xB4CE, 0xB4CE, 0xB4CE, 0xB4CE, 0xB4CD, 0xB4CD, 0xACCD, 0xACCD, 0xACAD, 0xACCD,
  0xACCD, 0xACCD, 0xACCD, 0xACCD, 0xACCE, 0xACCD, 0xACCD, 0xACCE, 0xACAE, 0xACAE, 0xACAD, 0xACAD,
  0xA4AD, 0xA4AD, 0xA48D, 0xA48D, 0xA4AE, 0xA4AD, 0xA4AD, 0xA4AD, 0x9CAD, 0x9CAD, 0x9C6D, 0xC5B3,
  0xEED8, 0xE6B8, 0xE6B8, 0xEEB8, 0xEEB8, 0xDE57, 0xAD13, 0x83EF, 0x6B6D, 0x6B2C, 0x62EB, 0x5AA9,
  0x5227, 0x39A4, 0x28C1, 0x4101, 0x61E2, 0x7AA3, 0x8B03, 0x8B24, 0x8B25, 0x8325, 0x8305, 0x82E4,
  0x7AA4, 0x6202, 0x3901, 0x3964, 0x6AC9, 0x7B4B, 0x83AD, 0x83AE, 0x83AE, 0x83AE, 0x83CE, 0x736D,
  0x62EA, 0x52A9, 0x2123, 0x10A2, 0x20E3, 0x20E3, 0x2103, 0x2903, 0x2903, 0x2903, 0x2903, 0x2903,
  0x2903, 0x2903, 0x2903, 0x2903, 0x2903, 0x2903, 0x2903, 0x2903, 0x2924, 0x2924, 0x2924, 0x2924,
  0x2924, 0x2904, 0x2103, 0x20E3, 0x20E3, 0x20E3, 0x20E3, 0x2104, 0x2904, 0x2924, 0x2924, 0x2924,
  0x2924, 0x2924, 0x2924, 0x3124, 0x3144, 0x3145, 0x3145, 0x3145, 0x3945, 0x3965, 0x3965, 0x3965,
  0x3965, 0x3985, 0x3985, 0x4185, 0xB4ED, 0xB4ED, 0xB4EE, 0xB4CE, 0xB4CE, 0xB4CE, 0xB4CD, 0xB4CD,
  0xB4CD, 0xB4CD, 0xB4CD, 0xB4CD, 0xACCD, 0xACAD, 0xACAD, 0xACAD, 0xACAD, 0xACAD, 0xACAD, 0xACAD,
  0xACAD, 0xACAD, 0xACAD, 0xACAD, 0xA4AD, 0xA4AD, 0xA48D, 0xA48D, 0xA48D, 0xA48D, 0xA48D, 0xA48D,
  0xA48D, 0xA48D, 0x9C8D, 0x9C8D, 0x9C8D, 0x9C6D, 0xB551, 0xEEB7, 0xEEB8, 0xE698, 0xE6B8, 0xE6B8,
  0xE678, 0xBD54, 0x8C30, 0x738D, 0x6B2C, 0x62EB, 0x5AAA, 0x5268, 0x39A5, 0x28C1, 0x59A2, 0x7AA3,
  0x9B85, 0xAC46, 0xBCA7, 0xC4C8, 0xC509, 0xCD49, 0xC529, 0xC4E8, 0xB467, 0xAC05, 0x9343, 0x51C2,
  0x3924, 0x6AE9, 0x838C, 0x83AE, 0x83AE, 0x7BAE, 0x83AE, 0x7BCE, 0x6B4C, 0x5ACA, 0x4A69, 0x18E2,
  0x18C2, 0x20E3, 0x2103, 0x2903, 0x2903, 0x2903, 0x2903, 0x2903, 0x2903, 0x2903, 0x2903, 0x2903,
  0x2903, 0x2903, 0x2903, 0x2903, 0x2924, 0x2924, 0x2924, 0x2924, 0x2924, 0x2924, 0x2904, 0x2104,
  0x2904, 0x2924, 0x2924, 0x2924, 0x2945, 0x3145, 0x3145, 0x3145, 0x3145, 0x3165, 0x3165, 0x3965,
  0x3965, 0x3965, 0x3985, 0x3985, 0x3986, 0x3986, 0x3986, 0x3986, 0x3986, 0x3986, 0x4186, 0x4186,
  0xB4ED, 0xB4ED, 0xB4CD, 0xB4CD, 0xB4CD, 0xB4CD, 0xB4CD, 0xB4CD, 0xB4CD, 0xB4CD, 0xB4CD, 0xACCD,
  0xACCD, 0xACCD, 0xACCD, 0xACAD, 0xACAD, 0xACAC, 0xACAC, 0xACAC, 0xACAC, 0xACAC, 0xACAD, 0xACAD,
  0xA4AD, 0xA4AD, 0xA48C, 0xA48C, 0xA48C, 0xA48C, 0xA48C, 0xA48C, 0xA48D, 0xA48D, 0x9C8C, 0x9C8C,
  0x9C6C, 0xA4CE, 0xDE76, 0xEEB7, 0xE698, 0xE698, 0xE698, 0xDE77, 0xCDD5, 0x9C91, 0x7BAF, 0x6B4C,
  0x6B0C, 0x62CA, 0x5A88, 0x4A06, 0x30E1, 0x59A2, 0x82E3, 0xA405, 0xBCC8, 0xC529, 0xCD29, 0xCD29,
  0xC509, 0xC508, 0xC508, 0xC508, 0xC4E8, 0xBCA8, 0xB467, 0xA405, 0x6A42, 0x3943, 0x732A, 0x83AD,
  0x83CE, 0x83AE, 0x83AE, 0x83CE, 0x7B8E, 0x630B, 0x5ACA, 0x4228, 0x18E3, 0x20E3, 0x2903, 0x2903,
  0x2903, 0x2903, 0x2903, 0x2923, 0x2923, 0x2923, 0x2903, 0x2903, 0x2903, 0x2924, 0x2924, 0x2924,
  0x2924, 0x2924, 0x2944, 0x2944, 0x2945, 0x2945, 0x2945, 0x2945, 0x3145, 0x3145, 0x3145, 0x3166,
  0x3166, 0x3166, 0x3166, 0x3166, 0x3166, 0x3966, 0x3986, 0x3986, 0x3986, 0x3986, 0x3986, 0x3986,
  0x3986, 0x3986, 0x3986, 0x3986, 0x39A6, 0x39A6, 0x4186, 0x4186, 0xB4ED, 0xB4ED, 0xB4CD, 0xB4CD,
  0xB4CD, 0xB4CD, 0xB4CC, 0xB4CC, 0xB4CC, 0xB4CC, 0xACCC, 0xACCC, 0xACAC, 0xACAC, 0xACAC, 0xACAC,
  0xACAC, 0xACAC, 0xACAC, 0xACAC, 0xACAC, 0xACAC, 0xACAC, 0xA4AC, 0xA48C, 0xA48C, 0xA48C, 0xA48C,
  0xA48C, 0xA48C, 0xA48C, 0xA48C, 0x9C8C, 0x9C8C, 0x9C6C, 0x9C8C, 0x9C4C, 0xCDD3, 0xE6B8, 0xE697,
  0xE677, 0xE678, 0xDE57, 0xD616, 0xACF3, 0x8C0F, 0x736D, 0x6B0C, 0x62CB, 0x5AA9, 0x5268, 0x3143,
  0x5161, 0x82C3, 0xA406, 0xC508, 0xC549, 0xCD49, 0xCD48, 0xCD49, 0xCD28, 0xCD28, 0xCD28, 0xC508,
  0xC508, 0xC4E8, 0xBCC8, 0xB4A7, 0xAC46, 0x6A42, 0x4184, 0x7B8B, 0x83CE, 0x83CE, 0x83AE, 0x83CE,
  0x7BCE, 0x736D, 0x5AEA, 0x5ACA, 0x3185, 0x20C2, 0x2903, 0x2903, 0x2903, 0x2903, 0x2903, 0x2103,
  0x2123, 0x2903, 0x2903, 0x2904, 0x2904, 0x2904, 0x2924, 0x2924, 0x2925, 0x2945, 0x2945, 0x3145,
  0x3146, 0x3166, 0x3166, 0x3166, 0x3166, 0x3165, 0x3166, 0x3166, 0x3186, 0x3986, 0x3986, 0x3986,
  0x3986, 0x3986, 0x3986, 0x3986, 0x3986, 0x3986, 0x3986, 0x3986, 0x3986, 0x3986, 0x3986, 0x3986,
  0x3986, 0x3986, 0x3986, 0x3986, 0xB4ED, 0xB4ED, 0xB4ED, 0xB4CC, 0xB4CC, 0xB4CC, 0xB4CC, 0xB4CC,
  0xB4CC, 0xB4CC, 0xACCC, 0xACCC, 0xACCC, 0xACCC, 0xACCC, 0xACAC, 0xACAC, 0xACAC, 0xACAC, 0xACAB,
  0xACAB, 0xAC8C, 0xAC8C, 0xA4AC, 0xA4AC, 0xA48C, 0xA48C, 0xA48C, 0xA48C, 0xA48C, 0x9C8C, 0x9C8C,
  0x9C6C, 0x9C6C, 0x9C8C, 0x9C4B, 0xB510, 0xE697, 0xE677, 0xDE77, 0xE677, 0xDE77, 0xD637, 0xBD75,
  0x9451, 0x7BAE, 0x6B2C, 0x62EB, 0x62AA, 0x5A89, 0x49E6, 0x38E1, 0x7A63, 0xA3E6, 0xC50A, 0xCD49,
  0xCD49, 0xCD49, 0xCD49, 0xCD48, 0xCD28, 0xCD28, 0xCD29, 0xCD08, 0xC508, 0xC4E8, 0xBCE8, 0xBCC8,
  0xB487, 0xAC27, 0x51C2, 0x5247, 0x8BCE, 0x83CE, 0x83AE, 0x83CF, 0x83CF, 0x7BAE, 0x6B2C, 0x5ACA,
  0x5289, 0x2924, 0x2103, 0x2924, 0x2903, 0x2903, 0x2103, 0x2103, 0x2103, 0x2104, 0x20E4, 0x20E4,
  0x2104, 0x2104, 0x2124, 0x2925, 0x2925, 0x2925, 0x2945, 0x2966, 0x3166, 0x3166, 0x3166, 0x3166,
  0x3166, 0x3166, 0x3166, 0x3166, 0x3166, 0x3966, 0x3966, 0x3166, 0x3166, 0x3166, 0x3166, 0x3186,
  0x3186, 0x3187, 0x3187, 0x3187, 0x39A7, 0x39A7, 0x39A8, 0x39C8, 0x39C8, 0x39C8, 0x41C9, 0x41EA,
  0xB4ED, 0xB4ED, 0xB4ED, 0xB4CC, 0xB4CC, 0xB4CC, 0xB4CC, 0xB4CC, 0xB4CC, 0xB4CC, 0xACCC, 0xACCC,
  0xACCC, 0xACCC, 0xACAC, 0xACAC, 0xACAC, 0xACAC, 0xACAC, 0xACAB, 0xAC8B, 0xAC8C, 0xAC8C, 0xA4AC,
  0xA4AB, 0xA48B, 0xA48C, 0xA48C, 0xA48C, 0x9C8C, 0x9C8B, 0x9C8B, 0x9C6B, 0x9C6B, 0x9C6B, 0xA48D,
  0xD635, 0xDE77, 0xDE56, 0xDE77, 0xDE77, 0xDE37, 0xCDB5, 0xACD2, 0x8BEF, 0x736D, 0x6B0C, 0x62CA,
  0x5AAA, 0x5A89, 0x3943, 0x59A1, 0x9384, 0xBCC8, 0xCD2A, 0xCD49, 0xCD4A, 0xCD6A, 0xCD49, 0xCD48,
  0xCD28, 0xCD28, 0xCD08, 0xC508, 0xC508, 0xC4E8, 0xBCE7, 0xBCC8, 0xB4A7, 0xB487, 0x9385, 0x4163,
  0x7B4B, 0x8BEE, 0x83CF, 0x83CE, 0x83CF, 0x83CF, 0x736D, 0x5AEB, 0x5ACA, 0x41E7, 0x20E3, 0x2924,
  0x2924, 0x2903, 0x2103, 0x2103, 0x20E3, 0x18E4, 0x18C4, 0x18E4, 0x18E4, 0x18E4, 0x2104, 0x2104,
  0x2105, 0x2125, 0x2946, 0x2946, 0x3167, 0x3167, 0x3187, 0x3188, 0x39A8, 0x39C9, 0x39C9, 0x39E9,
  0x4209, 0x420A, 0x422A, 0x4A4B, 0x4A6B, 0x4A8C, 0x4AAD, 0x52CD, 0x5AEE, 0x5B0E, 0x632F, 0x6350,
  0x6B70, 0x7391, 0x73B2, 0x7BD3, 0x7BF3, 0x8414, 0x8434, 0x8455, 0xB4ED, 0xB4ED, 0xB4EC, 0xB4EC,
  0xB4CC, 0xB4CC, 0xB4CC, 0xB4CC, 0xB4CC, 0xACCC, 0xACCC, 0xACCC, 0xACCC, 0xACCC, 0xACAC, 0xACAC,
  0xACAC, 0xACAC, 0xACAC, 0xACAB, 0xACAB, 0xACAB, 0xACAB, 0xA48B, 0xA48B, 0xA48B, 0xA48B, 0xA48B,
  0x9C8B, 0x9C8B, 0x9C8B, 0x9C8B, 0x9C6B, 0x9C8B, 0x946B, 0xC592, 0xE677, 0xDE56, 0xDE77, 0xDE57,
  0xDE37, 0xD5F6, 0xBD54, 0x9470, 0x7BAE, 0x6B2C, 0x62EB, 0x5ACA, 0x5AC9, 0x4A47, 0x4101, 0x7AA3,
  0xAC47, 0xC4E8, 0xC4E8, 0xCCC7, 0xCCC6, 0xD4E6, 0xD527, 0xCD69, 0xCD49, 0xCD28, 0xCD28, 0xC508,
  0xBCC6, 0xBC65, 0xBC65, 0xC485, 0xBC86, 0xB487, 0xB487, 0x6243, 0x5A47, 0x8BEE, 0x8BEF, 0x83CF,
  0x83CF, 0x83CF, 0x7BAE, 0x6B2C, 0x52CA, 0x52AA, 0x3185, 0x2103, 0x2924, 0x2904, 0x20E4, 0x2104,
  0x2125, 0x2947, 0x2988, 0x31A8, 0x31C9, 0x39E9, 0x422A, 0x4A4B, 0x4A6C, 0x52AD, 0x5ACE, 0x630F,
  0x6B50, 0x6B70, 0x7391, 0x73D2, 0x7BF3, 0x8413, 0x8434, 0x8C54, 0x8C95, 0x9495, 0x94D6, 0x9CF7,
  0x9D17, 0xA518, 0xA538, 0xA558, 0xAD59, 0xAD79, 0xAD9A, 0xB5BA, 0xB5BA, 0xB5DA, 0xBDDB, 0xBDFB,
  0xBDFC, 0xBDFC, 0xBDFC, 0xC61C, 0xB4ED, 0xB4ED, 0xB4EC, 0xACEC, 0xB4EC, 0xACCC, 0xACCC, 0xACCC,
  0xACCC, 0xACCC, 0xACCC, 0xACCC, 0xACCC, 0xACCC, 0xACCC, 0xACCB, 0xACAB, 0xACAB, 0xA4AB, 0xA4AB,
  0xA4AB, 0xA4AB, 0xA48B, 0xA48B, 0xA48B, 0xA48B, 0xA48B, 0xA48B, 0x9C8B, 0x9C8B, 0x9C6B, 0x9C8B,
  0x9C8B, 0x9C6B, 0xA4CD, 0xDE56, 0xDE56, 0xDE36, 0xDE56, 0xDE37, 0xD5F6, 0xC595, 0xA4B2, 0x840F,
  0x736D, 0x6B0B, 0x62EB, 0x62CA, 0x5ACA, 0x41C5, 0x5141, 0x9364, 0xB467, 0xBCEB, 0xC52E, 0xC510,
  0xC4CD, 0xC488, 0xC425, 0xD4C6, 0xCD89, 0xCD49, 0xCD08, 0xBC25, 0xBBC4, 0xC468, 0xC4AB, 0xC4AC,
  0xBC89, 0xB487, 0xB487, 0x8B85, 0x41A4, 0x83AC, 0x8BEF, 0x83EF, 0x83CF, 0x83EF, 0x83CF, 0x736D,
  0x5AEA, 0x5AEA, 0x4248, 0x2103, 0x2924, 0x2904, 0x2945, 0x4209, 0x5AEE, 0x73B2, 0x8434, 0x8C75,
  0x9496, 0x94B7, 0x9CF7, 0xA518, 0xA539, 0xAD59, 0xAD7A, 0xB59A, 0xB59B, 0xBDBB, 0xBDDC, 0xBDFC,
  0xC61C, 0xC61C, 0xC63C, 0xC63C, 0xCE5D, 0xCE5D, 0xCE7D, 0xD67D, 0xD67E, 0xD67E, 0xD69E, 0xD69E,
  0xD6BE, 0xDEBE, 0xDEBE, 0xDEDE, 0xDEDF, 0xDEDF, 0xDEDF, 0xDEDE, 0xDEFE, 0xDEFE, 0xDEFF, 0xDEFF,
  0xACED, 0xACED, 0xACEC, 0xACEC, 0xACEC, 0xACEC, 0xACCC, 0xACCC, 0xACCC, 0xACCC, 0xACCC, 0xACCC,
  0xACCC, 0xACAB, 0xACAB, 0xA4CB, 0xACAB, 0xA4AB, 0xA4AB, 0xA4AB, 0xA4AB, 0xA48B, 0xA48B, 0xA48B,
  0xA48B, 0xA48B, 0x9C8B, 0x9C8B, 0x9C8B, 0x9C8B, 0x9C6B, 0x9C6B, 0x9C8B, 0x946B, 0xC5B2, 0xDE56,
  0xD616, 0xD636, 0xD636, 0xD616, 0xC5B5, 0xAD13, 0x9450, 0x7BCE, 0x6B4C, 0x62EB, 0x62EB, 0x5ACA,
  0x5ACA, 0x3944, 0x61E1, 0x9BE8, 0xC553, 0xCDD7, 0xCDF8, 0xCE18, 0xC5F7, 0xBDB6, 0xBD12, 0xBC08,
  0xCC86, 0xCD08, 0xBBE4, 0xC429, 0xCD72, 0xC5D6, 0xC5D7, 0xBDB6, 0xB555, 0xACD0, 0xA449, 0xA426,
  0x49C3, 0x6AE9, 0x8C0F, 0x8BEF, 0x83EF, 0x83EF, 0x83EF, 0x7BAE, 0x632C, 0x5AEA, 0x4A69, 0x2924,
  0x2104, 0x2945, 0x4A4A, 0x73B0, 0x9CB6, 0xB57A, 0xBDFB, 0xC63C, 0xCE3D, 0xCE5D, 0xCE5D, 0xD67E,
  0xD69E, 0xD69E, 0xD6BE, 0xDEBF, 0xDEBF, 0xDEDF, 0xDEDF, 0xDEDF, 0xDEFF, 0xE6FF, 0xE71F, 0xE71F,
  0xE71F, 0xE71F, 0xE73F, 0xE73F, 0xE73F, 0xEF3F, 0xEF3F, 0xEF3F, 0xEF3F, 0xEF3F, 0xEF5F, 0xEF5F,
  0xEF5F, 0xEF5F, 0xEF5F, 0xEF5F, 0xEF5F, 0xEF5F, 0xEF7F, 0xEF7F, 0xACEC, 0xACEC, 0xACEC, 0xACCC,
  0xACEC, 0xACEC, 0xACCC, 0xACCC, 0xACCC, 0xACCC, 0xA4CB, 0xA4CB, 0xA4CB, 0xA4CB, 0xA4CB, 0xA4AB,
  0xA4AB, 0xA4AB, 0xA4AB, 0xA4AB, 0xA4AB, 0xA48B, 0xA4AB, 0x9CAB, 0x9C8B, 0x9C8B, 0x9C8B, 0x9C8B,
  0x9C8B, 0x9C8B, 0x9C8B, 0x9C6B, 0x946B, 0xA4CE, 0xD636, 0xD616, 0xD615, 0xD616, 0xCDF6, 0xC5B4,
  0xB533, 0x9CB1, 0x8C30, 0x738E, 0x6B2C, 0x62EB, 0x62CB, 0x5ACA, 0x5289, 0x3901, 0x72A6, 0xBD53,
  0xD618, 0xD618, 0xCE17, 0xCDF7, 0xC5D7, 0xC5B6, 0xBDB6, 0xB554, 0xB3C9, 0xB302, 0xC44B, 0xD617,
  0xCE38, 0xCDF8, 0xC5D7, 0xBDB6, 0xBD76, 0xB555, 0x9CD2, 0x9C09, 0x6223, 0x5227, 0x8C0F, 0x8C10,
  0x8BEF, 0x83EF, 0x83EF, 0x83EF, 0x6B6D, 0x5AEB, 0x5ACA, 0x31A6, 0x2104, 0x39E8, 0x6B70, 0x9CD6,
  0xBDDA, 0xCE7D, 0xDEDE, 0xE6FF, 0xE71F, 0xE71F, 0xE73F, 0xEF3F, 0xEF5F, 0xEF5F, 0xEF5F, 0xEF5F,
  0xEF5F, 0xEF7F, 0xEF7F, 0xEF7F, 0xEF7F, 0xF77F, 0xF79F, 0xF79F, 0xF79F, 0xF79F, 0xF7BF, 0xF79F,
  0xF7BF, 0xF7BF, 0xF7BF, 0xF7BF, 0xF7BF, 0xF7DF, 0xF7DF, 0xFFDF, 0xFFDF, 0xFFDF, 0xFFBF, 0xFFBF,
  0xFFBF, 0xF7BF, 0xF7DF, 0xF7DF, 0xACED, 0xACEC, 0xACCC, 0xACCC, 0xA4EC, 0xA4CC, 0xA4CC, 0xA4CC,
  0xA4CB, 0xA4CB, 0xA4AB, 0xA4AC, 0xA4AC, 0xA4AC, 0xA4AC, 0xA4AC, 0xA4AC, 0xA4AC, 0xA48B, 0x9CAB,
  0x9CAB, 0x9C8B, 0x9C8B, 0x9C8B, 0x9C8B, 0x9C8B, 0x9C8B, 0x9C8B, 0x948B, 0x948B, 0x946B, 0x946B,
  0x946B, 0xC5B2, 0xD616, 0xCDB4, 0xCDF5, 0xCDD5, 0xC594, 0xB533, 0xA4B1, 0x9450, 0x8BEF, 0x736D,
  0x62EB, 0x62EB, 0x62CB, 0x62EB, 0x4A27, 0x4101, 0x9C0E, 0xCE18, 0xCE17, 0xCE18, 0xCDF8, 0xC5D7,
  0xC5B6, 0xBDB6, 0xBD95, 0xB576, 0xB4D3, 0xB3CA, 0xD5B5, 0xCE38, 0xCE17, 0xC5D7, 0xBDB6, 0xBD76,
  0xB555, 0xAD34, 0xA4F4, 0x9450, 0x6AA5, 0x3964, 0x7BAE, 0x8C10, 0x8BEF, 0x83EF, 0x83EF, 0x83EF,
  0x7BAE, 0x630B, 0x5ACA, 0x4A68, 0x2925, 0x526C, 0x8C54, 0xB59A, 0xD67D, 0xE6FF, 0xEF5F, 0xF77F,
  0xF79F, 0xF79F, 0xF79F, 0xF79F, 0xF7BF, 0xF7BF, 0xF7BF, 0xF7BF, 0xFFDF, 0xFFDF, 0xFFDF, 0xFFDF,
  0xFFDF, 0xFFDF, 0xFFFF, 0xFFFF, 0xFFFF, 0xFFFF, 0xFFFF, 0xFFFF, 0xFFFF, 0xFFFF, 0xFFFF, 0xFFFF,
  0xFFFF, 0xFFFF, 0xFFFF, 0xFFFF, 0xFFFF, 0xFFFF, 0xFFFF, 0xFFFF, 0xFFFF, 0xFFFF, 0xFFFF, 0xFFFF,
  0xACEC, 0xACCC, 0xA4EC, 0xA4CC, 0xA4CC, 0xA4CC, 0xA4CC, 0xA4CC, 0xA4CC, 0xA4AC, 0xA4AC, 0xA4AC,
  0xA4AC, 0xA4AB, 0xA4AB, 0x9C8B, 0x9CAB, 0x9C8B, 0x9C8B, 0x9CAB, 0x9C8B, 0x948B, 0x948B, 0x948B,
  0x948B, 0x948B, 0x946B, 0x946B, 0x946B, 0x946B, 0x946B, 0x8C6B, 0x9CCD, 0xD635, 0xCDD5, 0xBD74,
  0xBD73, 0xACF1, 0x9C6F, 0x9C70, 0x9C2F, 0x8C0F, 0x83CE, 0x6B2C, 0x62EB, 0x62CA, 0x62CA, 0x630B,
  0x41C6, 0x51A4, 0xBD54, 0xCE18, 0xCDF7, 0xCDF8, 0xC5D7, 0xCDF7, 0xC5D7, 0xBD96, 0xB575, 0xB554,
  0xAD14, 0xBD76, 0xCE17, 0xCE17, 0xC5D7, 0xBDB6, 0xB575, 0xB575, 0xB555, 0xACF3, 0xA4B3, 0x9C92,
  0x6B09, 0x28E3, 0x732C, 0x9430, 0x8C10, 0x8BEF, 0x83EF, 0x8BEF, 0x7BCE, 0x632C, 0x5ACA, 0x5ACA,
  0x31A7, 0x5AEE, 0xA4F7, 0xCE1C, 0xE6DE, 0xEF5F, 0xF79F, 0xFFDF, 0xFFDF, 0xFFDF, 0xFFFF, 0xFFFF,
  0xFFFF, 0xFFFF, 0xFFFF, 0xFFFF, 0xFFFF, 0xFFFF, 0xFFFF, 0xFFFF, 0xFFFF, 0xFFFF, 0xFFFF, 0xFFFF,
  0xFFFF, 0xFFFF, 0xFFFF, 0xFFFF, 0xFFFF, 0xFFFF, 0xFFFF, 0xFFFF, 0xFFFF, 0xFFFF, 0xFFFF, 0xFFFF,
  0xFFFF, 0xFFFF, 0xFFFF, 0xFFFF, 0xFFFF, 0xFFFF, 0xFFFF, 0xFFFF, 0xA4EC, 0xA4CC, 0xA4CC, 0xA4CC,
  0xA4CC, 0xA4CC, 0xA4AC, 0xA4AC, 0x9CAC, 0x9CAC, 0x9CAC, 0x9CAC, 0x9CAB, 0x9C8B, 0x9C8B, 0x9C8B,
  0x9C8B, 0x9C8B, 0x948B, 0x948B, 0x948B, 0x946B, 0x946B, 0x946B, 0x946B, 0x946B, 0x946B, 0x946B,
  0x946B, 0x946B, 0x8C6B, 0x844B, 0xAD50, 0xDE36, 0xBD74, 0xACF2, 0x9C6F, 0x83CD, 0x838C, 0x838C,
  0x838C, 0x83AD, 0x7B8D, 0x6B2B, 0x62EA, 0x62CA, 0x62CA, 0x62EB, 0x4164, 0x6A47, 0xC5B6, 0xCE18,
  0xCDF7, 0xCDF7, 0xC5D7, 0x9C71, 0x9451, 0xB555, 0xB555, 0xAD34, 0xACF3, 0xB534, 0xCDF7, 0xC5F7,
  0xC5B6, 0xBD75, 0xB575, 0xA4B3, 0x9451, 0xA4D3, 0x9C92, 0x9471, 0x736D, 0x28E3, 0x62AA, 0x9430,
  0x8C10, 0x8BEF, 0x83EF, 0x83EF, 0x7BCE, 0x6B4C, 0x52CA, 0x5AEB, 0x4A8B, 0x6330, 0xB579, 0xD67D,
  0xE71F, 0xF79F, 0xFFDF, 0xFFFF, 0xFFFF, 0xFFFF, 0xFFFF, 0xFFFF, 0xFFFF, 0xFFFF, 0xFFFF, 0xFFFF,
  0xFFFF, 0xFFFF, 0xFFFF, 0xFFFF, 0xFFFF, 0xFFFF, 0xFFFF, 0xFFFF, 0xFFFF, 0xFFFF, 0xFFFF, 0xFFFF,
  0xFFFF, 0xFFFF, 0xFFFF, 0xFFFF, 0xFFFF, 0xFFFF, 0xFFFF, 0xFFFF, 0xFFFF, 0xFFFF, 0xFFFF, 0xFFFF,
  0xFFFF, 0xFFFF, 0xFFFF, 0xFFFF, 0xA4CC, 0xA4CC, 0x9CCC, 0x9CCC, 0x9CCC, 0x9CAC, 0x9CAC, 0x9CAC,
  0x9CAC, 0x9CAC, 0x9C8C, 0x9C8C, 0x9C8C, 0x948C, 0x948B, 0x946C, 0x946B, 0x946B, 0x946B, 0x946B,
  0x946B, 0x946B, 0x946B, 0x8C6B, 0x8C6B, 0x8C6B, 0x8C4B, 0x8C4B, 0x8C4B, 0x8C4B, 0x844B, 0x8C6C,
  0xC5D3, 0xCDD5, 0xA4B1, 0x8C0F, 0x83AD, 0x7B4C, 0x730A, 0x730A, 0x734B, 0x7B6B, 0x7B6B, 0x6B2B,
  0x62CA, 0x62AA, 0x5AAA, 0x5ACB, 0x4942, 0x72A8, 0xCDB7, 0xCDF7, 0xCDD7, 0xCDF8, 0xA4B2, 0x2924,
  0x20E3, 0x734D, 0xACF3, 0xAD13, 0xA4D2, 0xAD13, 0xC5B6, 0xC5B6, 0xBD95, 0xBD75, 0xA4D3, 0x39A7,
  0x18C4, 0x6B2D, 0x9471, 0x8C10, 0x7B6D, 0x2903, 0x5A48, 0x8C10, 0x8C10, 0x8BEF, 0x83EF, 0x83CF,
  0x7BAE, 0x630B, 0x4A69, 0x630B, 0x6B6F, 0x7391, 0xB59A, 0xDEBE, 0xEF5F, 0xF7BF, 0xFFFF, 0xFFFF,
  0xFFFF, 0xFFFF, 0xFFFF, 0xFFFF, 0xFFFF, 0xFFFF, 0xFFFF, 0xFFFF, 0xFFFF, 0xFFFF, 0xFFFF, 0xFFFF,
  0xFFFF, 0xFFFF, 0xFFFF, 0xFFFF, 0xFFFF, 0xFFFF, 0xFFFF, 0xFFFF, 0xFFFF, 0xFFFF, 0xFFFF, 0xFFFF,
  0xFFFF, 0xFFFF, 0xFFFF, 0xFFFF, 0xFFFF, 0xFFFF, 0xFFFF, 0xFFFF, 0xFFFF, 0xFFFF, 0xFFFF, 0xFFFF,
  0x9CCC, 0x9CCC, 0x9CCC, 0x9CCC, 0x9CAC, 0x9CAC, 0x9CAC, 0x94AC, 0x948C, 0x948C, 0x948C, 0x948B,
  0x948B, 0x948B, 0x946B, 0x8C6B, 0x8C6B, 0x8C6B, 0x8C6B, 0x8C6B, 0x8C4B, 0x8C4B, 0x8C4B, 0x8C4B,
  0x8C4B, 0x8C4B, 0x8C4B, 0x8C4B, 0x844B, 0x844B, 0x842B, 0x9CCE, 0xD5F5, 0xBD53, 0x8C2F, 0x7B6C,
  0x732B, 0x6AEA, 0x730A, 0x732A, 0x6AA9, 0x5A47, 0x6AC9, 0x732A, 0x6B2B, 0x6B0A, 0x62CA, 0x5A89,
  0x5941, 0x8B08, 0xC5B6, 0xCDF7, 0xC5D6, 0xCDF7, 0x9C71, 0x2904, 0x1081, 0x39C6, 0x9C71, 0xA4D3,
  0x9C91, 0xA4B2, 0xBD95, 0xBD96, 0xB555, 0xB555, 0x9450, 0x18C3, 0x0021, 0x4A28, 0x83EF, 0x83AE,
  0x732C, 0x3103, 0x5228, 0x8C0F, 0x8C10, 0x83CF, 0x83CF, 0x83AE, 0x734C, 0x52AA, 0x4A69, 0x630C,
  0x6B4E, 0x8C54, 0xBDBA, 0xDEDE, 0xEF7F, 0xFFDF, 0xFFFF, 0xFFFF, 0xFFFF, 0xFFFF, 0xFFFF, 0xFFFF,
  0xFFFF, 0xFFFF, 0xFFFF, 0xFFFF, 0xFFFF, 0xFFFF, 0xFFFF, 0xFFFF, 0xFFFF, 0xFFFF, 0xFFFF, 0xFFFF,
  0xFFFF, 0xFFFF, 0xFFFF, 0xFFFF, 0xFFFF, 0xFFFF, 0xFFFF, 0xFFFF, 0xFFFF, 0xFFFF, 0xFFFF, 0xFFFF,
  0xFFFF, 0xFFFF, 0xFFFF, 0xFFFF, 0xFFFF, 0xFFFF, 0xFFFF, 0xFFFF, 0x9CAC, 0x9CAC, 0x94AC, 0x94AC,
  0x948C, 0x948C, 0x948C, 0x948C, 0x946C, 0x946C, 0x946C, 0x946B, 0x8C6B, 0x8C6B, 0x8C6B, 0x8C4B,
  0x8C4B, 0x8C4B, 0x8C4B, 0x8C4B, 0x8C4B, 0x8C4B, 0x842B, 0x842B, 0x842B, 0x842B, 0x842B, 0x842B,
  0x842B, 0x842B, 0x7C2B, 0xAD10, 0xCDD4, 0xACF2, 0x83AE, 0x6B0B, 0x5A89, 0x5A67, 0x6AE9, 0x5226,
  0x4942, 0x6A02, 0x7223, 0x7204, 0x6A46, 0x7287, 0x6A88, 0x61A4, 0x71E1, 0x9307, 0xC574, 0xCDD6,
  0xC5B6, 0xC596, 0xBD75, 0x8BEE, 0x5A69, 0x83AE, 0x9C91, 0xA491, 0x942F, 0x9450, 0xB513, 0xBD55,
  0xB534, 0xAD13, 0xA4D2, 0x62AA, 0x41C6, 0x734C, 0x7BAD, 0x7B8D, 0x62CA, 0x30E3, 0x5A48, 0x93F0,
  0x8C10, 0x83AE, 0x7B6D, 0x6B0B, 0x5A89, 0x4A48, 0x4A48, 0x4A48, 0x528B, 0x8C74, 0xBDDA, 0xDEDF,
  0xEF7F, 0xFFDF, 0xFFFF, 0xFFFF, 0xFFFF, 0xFFFF, 0xFFFF, 0xFFFF, 0xFFFF, 0xFFFF, 0xFFFF, 0xFFFF,
  0xFFFF, 0xFFFF, 0xFFFF, 0xFFFF, 0xFFFF, 0xFFFF, 0xFFFF, 0xFFFF, 0xFFFF, 0xFFFF, 0xFFFF, 0xFFFF,
  0xFFFF, 0xFFFF, 0xFFFF, 0xFFFF, 0xFFFF, 0xFFFF, 0xFFFF, 0xFFFF, 0xFFFF, 0xFFFF, 0xFFFF, 0xFFFF,
  0xFFFF, 0xFFFF, 0xFFFF, 0xFFFF, 0x948C, 0x948C, 0x948C, 0x948C, 0x948C, 0x948C, 0x946C, 0x8C6C,
  0x8C6C, 0x8C6C, 0x8C6C, 0x8C6C, 0x8C4B, 0x8C4B, 0x8C4B, 0x844B, 0x844B, 0x842B, 0x842B, 0x842B,
  0x842B, 0x842B, 0x842B, 0x842B, 0x7C2B, 0x7C2B, 0x7C2B, 0x7C2B, 0x7C0B, 0x842B, 0x7C0B, 0xA4CF,
  0xB512, 0x9C50, 0x83AE, 0x734C, 0x6AEA, 0x5A88, 0x51E5, 0x4941, 0x9364, 0xBC86, 0xB466, 0xABC4,
  0x9B43, 0x8AA2, 0x8242, 0x92A2, 0xA364, 0x92E3, 0xBC8F, 0xC5B6, 0xC595, 0xC595, 0xBD54, 0xB533,
  0xACF2, 0xA4B1, 0xA491, 0x9C30, 0x93CD, 0x8B0B, 0xBCB1, 0xC534, 0xB513, 0xACD2, 0xA4B1, 0x9C70,
  0x942E, 0x8BEE, 0x7B8D, 0x736C, 0x6288, 0x28A1, 0x41A6, 0x730C, 0x6B0B, 0x62AA, 0x4A07, 0x39A5,
  0x4A27, 0x41E7, 0x39C6, 0x39C6, 0x4229, 0x8C74, 0xC61B, 0xE6FF, 0xF79F, 0xFFFF, 0xFFFF, 0xFFFF,
  0xFFFF, 0xFFFF, 0xFFFF, 0xFFFF, 0xFFFF, 0xFFFF, 0xFFFF, 0xFFFF, 0xFFFF, 0xFFFF, 0xFFFF, 0xFFFF,
  0xFFFF, 0xFFFF, 0xFFFF, 0xFFFF, 0xFFFF, 0xFFFF, 0xFFFF, 0xFFFF, 0xFFFF, 0xFFFF, 0xFFFF, 0xFFFF,
  0xFFFF, 0xFFFF, 0xFFFF, 0xFFFF, 0xFFFF, 0xFFFF, 0xFFFF, 0xFFFF, 0xFFFF, 0xFFFF, 0xFFFF, 0xFFFF,
  0x948C, 0x948C, 0x8C8C, 0x8C6C, 0x8C6C, 0x8C6C, 0x8C6C, 0x8C6C, 0x8C4C, 0x8C4C, 0x8C4C, 0x844C,
  0x844C, 0x844C, 0x842B, 0x842B, 0x842B, 0x840B, 0x840B, 0x7C0B, 0x7C0B, 0x7C0B, 0x7C0B, 0x7C0B,
  0x7C0B, 0x7C0B, 0x7C0B, 0x7C0B, 0x7C0B, 0x7C0B, 0x7C0B, 0x842D, 0x942E, 0x83AD, 0x83AD, 0x7B8D,
  0x730B, 0x5A47, 0x4142, 0x82E3, 0xC4A6, 0xBCC7, 0xC4C7, 0xC4C7, 0xC4C6, 0xBCA6, 0xC486, 0xC4A6,
  0xBCA7, 0xABA4, 0xAB67, 0xC553, 0xC575, 0xC554, 0xBD33, 0xB4F2, 0xACB1, 0xA490, 0x9C50, 0x9BEE,
  0x8A68, 0x6881, 0xA32B, 0xC534, 0xB4D2, 0xA4B1, 0xA491, 0x9C30, 0x93EF, 0x83CE, 0x7BAD, 0x730A,
  0x6A84, 0x5A44, 0x30E1, 0x3122, 0x3943, 0x3983, 0x3983, 0x28E2, 0x3164, 0x39A6, 0x3186, 0x39C7,
  0x4A29, 0x8453, 0xC63C, 0xE6FF, 0xF79F, 0xFFFF, 0xFFFF, 0xFFFF, 0xFFFF, 0xFFFF, 0xFFFF, 0xFFFF,
  0xFFFF, 0xFFFF, 0xFFFF, 0xFFFF, 0xFFFF, 0xFFFF, 0xFFFF, 0xFFFF, 0xFFFF, 0xFFFF, 0xFFFF, 0xFFFF,
  0xFFFF, 0xFFFF, 0xFFFF, 0xFFFF, 0xFFFF, 0xFFFF, 0xFFFF, 0xFFFF, 0xFFFF, 0xFFFF, 0xFFFF, 0xFFFF,
  0xFFFF, 0xFFFF, 0xFFFF, 0xFFFF, 0xFFFF, 0xFFFF, 0xFFFF, 0xFFFF, 0x946C, 0x8C6C, 0x8C6C, 0x8C6C,
  0x8C4C, 0x8C4C, 0x844C, 0x844C, 0x844C, 0x842C, 0x842C, 0x844C, 0x842C, 0x842C, 0x7C2B, 0x7C0C,
  0x7C0B, 0x7C0B, 0x7C0B, 0x7C0C, 0x7C0C, 0x7C0B, 0x7C0B, 0x7C0B, 0x740B, 0x740B, 0x740B, 0x7C0B,
  0x7C0B, 0x7C0B, 0x7C0B, 0x7BEB, 0x7C0C, 0x7BCD, 0x7B8C, 0x7B6B, 0x62C9, 0x49A3, 0x6A03, 0xABC4,
  0xC4C6, 0xCCE6, 0xCCE7, 0xCCE7, 0xC4E6, 0xC4C7, 0xC4C7, 0xC4A6, 0xC4A7, 0xC4A7, 0xB384, 0xB347,
  0xBCD0, 0xBD54, 0xB534, 0xB4F2, 0xACB1, 0xAC70, 0xABCD, 0x9A27, 0x80A1, 0x88A1, 0x78C2, 0xA32C,
  0xB470, 0xAC70, 0x9C50, 0x942F, 0x93EF, 0x83AD, 0x730A, 0x6A44, 0x7283, 0x7AE5, 0x6244, 0x51C2,
  0x51E2, 0x5203, 0x5A24, 0x3983, 0x3124, 0x39C6, 0x39C6, 0x41C7, 0x4209, 0x8C74, 0xC65D, 0xE6FF,
  0xF79F, 0xFFFF, 0xFFFF, 0xFFFF, 0xFFFF, 0xFFFF, 0xFFFF, 0xFFFF, 0xFFFF, 0xFFFF, 0xFFFF, 0xFFFF,
  0xFFFF, 0xFFFF, 0xFFFF, 0xFFFF, 0xFFFF, 0xFFFF, 0xFFFF, 0xFFFF, 0xFFFF, 0xFFFF, 0xFFFF, 0xFFFF,
  0xFFFF, 0xFFFF, 0xFFFF, 0xFFFF, 0xFFFF, 0xFFFF, 0xFFFF, 0xFFFF, 0xFFFF, 0xFFFF, 0xFFFF, 0xFFFF,
  0xFFFF, 0xFFFF, 0xFFFF, 0xFFFF, 0x8C6C, 0x8C6C, 0x8C4C, 0x844C, 0x844C, 0x844C, 0x844C, 0x842C,
  0x842C, 0x842C, 0x842C, 0x842C, 0x7C0C, 0x7C0C, 0x7C0B, 0x7C0C, 0x7C0B, 0x7C0B, 0x7C0B, 0x7C0B,
  0x7C0B, 0x7C0B, 0x73EB, 0x73EB, 0x73EB, 0x73EB, 0x7BEB, 0x7BEB, 0x7BEB, 0x7BEB, 0x73EB, 0x73EB,
  0x7BEC, 0x7C0C, 0x7BCC, 0x73AB, 0x6B29, 0x6AC7, 0x9345, 0xB425, 0xCCC6, 0xCCE6, 0xCCE7, 0xCCE6,
  0xCCE7, 0xCCE7, 0xCCC7, 0xC487, 0xC467, 0xC488, 0xC4A8, 0xB343, 0xAAC4, 0xB369, 0xB3ED, 0xB3EE,
  0xAB6C, 0xA289, 0x9144, 0x98A1, 0xC1A2, 0xDAC5, 0xB203, 0x7081, 0x79A6, 0x8ACA, 0x8B4C, 0x8B4C,
  0x830A, 0x7267, 0x6204, 0x6A43, 0x6A63, 0x6A63, 0x6A63, 0x6A63, 0x6263, 0x6264, 0x6264, 0x41A3,
  0x3164, 0x41C6, 0x4A08, 0x4A28, 0x52AA, 0x9CF6, 0xC63C, 0xE71F, 0xF7BF, 0xFFFF, 0xFFFF, 0xFFFF,
  0xFFFF, 0xFFFF, 0xFFFF, 0xFFFF, 0xFFFF, 0xFFFF, 0xFFFF, 0xFFFF, 0xFFFF, 0xFFFF, 0xFFFF, 0xFFFF,
  0xFFFF, 0xFFFF, 0xFFFF, 0xFFFF, 0xFFFF, 0xFFFF, 0xFFFF, 0xFFFF, 0xFFFF, 0xFFFF, 0xFFFF, 0xFFFF,
  0xFFFF, 0xFFFF, 0xFFFF, 0xFFFF, 0xFFFF, 0xFFFF, 0xFFFF, 0xFFFF, 0xFFFF, 0xFFFF, 0xFFFF, 0xFFFF,
  0x844C, 0x842C, 0x844C, 0x844C, 0x842C, 0x842C, 0x842C, 0x842C, 0x7C2C, 0x7C0C, 0x7C0C, 0x7C0C,
  0x7C0C, 0x7C0B, 0x7C0B, 0x7C0B, 0x7BEB, 0x7BEB, 0x7BEB, 0x73EB, 0x73EB, 0x73EB, 0x73EB, 0x73EB,
  0x73EB, 0x73EB, 0x73EB, 0x73EB, 0x73EB, 0x73EB, 0x73EB, 0x73EB, 0x7BEC, 0x7BEC, 0x740C, 0x7BEC,
  0x7C0C, 0x842C, 0xA468, 0xBCA7, 0xCCE6, 0xCCE7, 0xD507, 0xCCE7, 0xCCE7, 0xCCE7, 0xCBE7, 0xBA44,
  0xB1A4, 0xB9C4, 0xBAE5, 0xBBE7, 0xBBA5, 0xAA02, 0xA941, 0xB163, 0xB122, 0xB0E1, 0xB962, 0xDA64,
  0xEB05, 0xE2E6, 0xD2A5, 0xBA24, 0x8901, 0x6080, 0x60C2, 0x6922, 0x7A04, 0x8284, 0x7A64, 0x7203,
  0x69C2, 0x69E3, 0x6A43, 0x6A63, 0x6A83, 0x6AA4, 0x7307, 0x5206, 0x39A5, 0x5248, 0x5A89, 0x62CA,
  0x6B4E, 0x9495, 0xC61C, 0xE71F, 0xF7BF, 0xFFFF, 0xFFFF, 0xFFFF, 0xFFFF, 0xFFFF, 0xFFFF, 0xFFFF,
  0xFFFF, 0xFFFF, 0xFFFF, 0xFFFF, 0xFFFF, 0xFFFF, 0xFFFF, 0xFFFF, 0xFFFF, 0xFFFF, 0xFFFF, 0xFFFF,
  0xFFFF, 0xFFFF, 0xFFFF, 0xFFFF, 0xFFFF, 0xFFFF, 0xFFFF, 0xFFFF, 0xFFFF, 0xFFFF, 0xFFFF, 0xFFFF,
  0xFFFF, 0xFFFF, 0xFFFF, 0xFFFF, 0xFFFF, 0xFFFF, 0xFFFF, 0xFFFF, 0x844C, 0x844C, 0x842C, 0x842C,
  0x7C2C, 0x7C2C, 0x7C2C, 0x7C2C, 0x7C0C, 0x7C0C, 0x7C0C, 0x7C0C, 0x7C0C, 0x740B, 0x740B, 0x73EB,
  0x73EB, 0x73EB, 0x73EB, 0x73EB, 0x73EB, 0x73EB, 0x73EB, 0x73EB, 0x73EB, 0x73EB, 0x73EB, 0x73EB,
  0x73EB, 0x73EB, 0x73EB, 0x73EB, 0x73EB, 0x7BEC, 0x7BEC, 0x7C0C, 0x740C, 0x740B, 0xA4AA, 0xC4E7,
  0xCCE7, 0xCCE6, 0xD507, 0xCCE7, 0xCCE6, 0xCC86, 0xB183, 0xB0A2, 0xB0C3, 0xB0A2, 0xB082, 0xA9A3,
  0xB386, 0xA202, 0xB941, 0xDA43, 0xD243, 0xDA84, 0xE305, 0xE306, 0xE2E6, 0xDAA6, 0xCA64, 0xC244,
  0xBA24, 0x99A4, 0x70E1, 0x68E1, 0x92A5, 0x9325, 0x81E3, 0x70E2, 0x68A2, 0x60C1, 0x6963, 0x7264,
  0x72A4, 0x6AC5, 0x9C2D, 0x6B2C, 0x39C6, 0x5268, 0x5269, 0x39A7, 0x39E9, 0x8C54, 0xCE3D, 0xEF3F,
  0xF7BF, 0xFFFF, 0xFFFF, 0xFFFF, 0xFFFF, 0xFFFF, 0xFFFF, 0xFFFF, 0xFFFF, 0xFFFF, 0xFFFF, 0xFFFF,
  0xFFFF, 0xFFFF, 0xFFFF, 0xFFFF, 0xFFFF, 0xFFFF, 0xFFFF, 0xFFFF, 0xFFFF, 0xFFFF, 0xFFFF, 0xFFFF,
  0xFFFF, 0xFFFF, 0xFFFF, 0xFFFF, 0xFFFF, 0xFFFF, 0xFFFF, 0xFFFF, 0xFFFF, 0xFFFF, 0xFFFF, 0xFFFF,
  0xFFFF, 0xFFFF, 0xFFFF, 0xFFFF, 0x842C, 0x842C, 0x7C2C, 0x7C2C, 0x7C2C, 0x7C0C, 0x7C0C, 0x7C0C,
  0x7C0C, 0x7C0C, 0x7C0C, 0x7C0C, 0x740C, 0x740B, 0x740B, 0x73EC, 0x73EB, 0x73EB, 0x73EB, 0x73EB,
  0x73EB, 0x73EB, 0x73EB, 0x73EB, 0x73EB, 0x73EB, 0x73EB, 0x73EB, 0x73EB, 0x73EB, 0x7BEC, 0x7C0C,
  0x7C0C, 0x7C0C, 0x7C0C, 0x7C0C, 0x7C0C, 0x740C, 0x9C6B, 0xC4E8, 0xCCC6, 0xCCE6, 0xD507, 0xCCE6,
  0xCD07, 0xC3A5, 0xB0C2, 0xB8E3, 0xB0C2, 0xA8C2, 0xA8A2, 0xA081, 0xA223, 0x9981, 0xC9E2, 0xDAA4,
  0xDAA5, 0xE305, 0xE306, 0xE2E5, 0xDAC5, 0xD285, 0xCA44, 0xBA03, 0xA9E3, 0x99E4, 0x8163, 0x6901,
  0x79E2, 0x8243, 0x80C2, 0x7061, 0x6082, 0x5862, 0x58A2, 0x7224, 0x72C4, 0x7AE6, 0xA491, 0x4A0A,
  0x2145, 0x3166, 0x2946, 0x20E4, 0x3188, 0x8C75, 0xCE5D, 0xEF3F, 0xF7BF, 0xFFFF, 0xFFFF, 0xFFFF,
  0xFFFF, 0xFFFF, 0xFFFF, 0xFFFF, 0xFFFF, 0xFFFF, 0xFFFF, 0xFFFF, 0xFFFF, 0xFFFF, 0xFFFF, 0xFFFF,
  0xFFFF, 0xFFFF, 0xFFFF, 0xFFFF, 0xFFFF, 0xFFFF, 0xFFFF, 0xFFFF, 0xFFFF, 0xFFFF, 0xFFFF, 0xFFFF,
  0xFFFF, 0xFFFF, 0xFFFF, 0xFFFF, 0xFFFF, 0xFFFF, 0xFFFF, 0xFFFF, 0xFFFF, 0xFFFF, 0xFFFF, 0xFFFF,
  0x7C2D, 0x7C2C, 0x7C2C, 0x7C2C, 0x7C2C, 0x7C0C, 0x7C0C, 0x7C0C, 0x7C0C, 0x7C0C, 0x73EC, 0x73EC,
  0x73EC, 0x73EC, 0x73EC, 0x73EC, 0x73EC, 0x73EC, 0x73EC, 0x73EC, 0x73EC, 0x73EC, 0x73EC, 0x73EC,
  0x73EC, 0x73EC, 0x73EC, 0x73EC, 0x7BEC, 0x7BEC, 0x7C0C, 0x7C0C, 0x7C0C, 0x7C0C, 0x7C0C, 0x7C0C,
  0x7C2C, 0x7C2C, 0x8C6C, 0xBCE8, 0xCCC6, 0xCCE6, 0xCCE6, 0xCCE6, 0xCCE6, 0xC446, 0xB163, 0xB082,
  0xA8A2, 0xA0A2, 0xA082, 0x98C2, 0x9A43, 0x99A1, 0xB982, 0xDA83, 0xDAA4, 0xDAC5, 0xDAC5, 0xDAA5,
  0xD284, 0xCA44, 0xC204, 0xA9A2, 0x9162, 0x8962, 0x7962, 0x6921, 0x71A2, 0x7183, 0x7062, 0x6862,
  0x6062, 0x5882, 0x5882, 0x7224, 0x72A4, 0x8B8A, 0x8C11, 0x2927, 0x2966, 0x3166, 0x2946, 0x2105,
  0x31A9, 0x8C95, 0xCE5D, 0xEF3F, 0xFFBF, 0xFFFF, 0xFFFF, 0xFFFF, 0xFFFF, 0xFFFF, 0xFFFF, 0xFFFF,
  0xFFFF, 0xFFFF, 0xFFFF, 0xFFFF, 0xFFFF, 0xFFFF, 0xFFFF, 0xFFFF, 0xFFFF, 0xFFFF, 0xFFFF, 0xFFFF,
  0xFFFF, 0xFFFF, 0xFFFF, 0xFFFF, 0xFFFF, 0xFFFF, 0xFFFF, 0xFFFF, 0xFFFF, 0xFFFF, 0xFFFF, 0xFFFF,
  0xFFFF, 0xFFFF, 0xFFFF, 0xFFFF, 0xFFFF, 0xFFFF, 0xFFFF, 0xFFFF, 0x7C2C, 0x7C0C, 0x7C2C, 0x7C0C,
  0x7C0C, 0x7C0C, 0x7C0C, 0x740C, 0x7C0C, 0x740C, 0x73EC, 0x740C, 0x73EC, 0x740C, 0x73EC, 0x73EC,
  0x73EC, 0x73EC, 0x73EC, 0x73EC, 0x73EC, 0x73EC, 0x73EC, 0x73EC, 0x73EC, 0x73EC, 0x73EC, 0x73EC,
  0x7C0C, 0x7C0C, 0x7C0C, 0x7C0C, 0x7C0C, 0x7C0C, 0x7C0C, 0x7C2C, 0x842C, 0x844C, 0x844C, 0xB4CB,
  0xC4E7, 0xCCE7, 0xCCE7, 0xCCE6, 0xCCC6, 0xCCC7, 0xBBC5, 0xA9A2, 0xA0C2, 0xA0A2, 0x98E2, 0x9A03,
  0xAB25, 0xA284, 0xA161, 0xCA43, 0xCA63, 0xCA64, 0xCA44, 0xCA44, 0xC203, 0xB9C3, 0xA982, 0x9962,
  0x8142, 0x7942, 0x7142, 0x6962, 0x6A03, 0x69C3, 0x6882, 0x5862, 0x5082, 0x5061, 0x6102, 0x7284,
  0x72C5, 0x9C2E, 0x528B, 0x2125, 0x3166, 0x2946, 0x2946, 0x20E4, 0x31A9, 0x8CB6, 0xCE7D, 0xEF3F,
  0xFFDF, 0xFFFF, 0xFFFF, 0xFFFF, 0xFFFF, 0xFFFF, 0xFFFF, 0xFFFF, 0xFFFF, 0xFFFF, 0xFFFF, 0xFFFF,
  0xFFFF, 0xFFFF, 0xFFFF, 0xFFFF, 0xFFFF, 0xFFFF, 0xFFFF, 0xFFFF, 0xFFFF, 0xFFFF, 0xFFFF, 0xFFFF,
  0xFFFF, 0xFFFF, 0xFFFF, 0xFFFF, 0xFFFF, 0xFFFF, 0xFFFF, 0xFFFF, 0xFFFF, 0xFFFF, 0xFFFF, 0xFFFF,
  0xFFFF, 0xFFFF, 0xFFFF, 0xFFFF, 0x7C0D, 0x7C0C, 0x7C0D, 0x7C0C, 0x7C0C, 0x7C0C, 0x7C0D, 0x7C0C,
  0x7C0C, 0x7C0C, 0x7C0C, 0x7C0C, 0x740C, 0x7C0C, 0x740C, 0x73EC, 0x73EC, 0x73EC, 0x73EC, 0x73EC,
  0x7BEC, 0x7BEC, 0x7C0C, 0x7BEC, 0x7BEC, 0x7C0C, 0x7C0C, 0x7C0C, 0x7C0C, 0x7C0C, 0x7C2C, 0x7C2C,
  0x842C, 0x842C, 0x842C, 0x842C, 0x844D, 0x844D, 0x844D, 0x9CAC, 0xC4E8, 0xC4C6, 0xC4C6, 0xC4C6,
  0xC4A6, 0xC486, 0xC4A6, 0xBC26, 0xB365, 0xAB24, 0xA344, 0xA385, 0xABA5, 0xA385, 0x9A22, 0xA181,
  0xB9E3, 0xC203, 0xC223, 0xC223, 0xB9E3, 0xA9A3, 0x9963, 0x8942, 0x7922, 0x6921, 0x6141, 0x69E3,
  0x7224, 0x6A03, 0x6142, 0x50E1, 0x50C2, 0x5922, 0x7244, 0x72A4, 0x8327, 0x83AE, 0x2946, 0x2946,
  0x3167, 0x2966, 0x2946, 0x2105, 0x31C9, 0x94B6, 0xCE7D, 0xEF3F, 0xFFDF, 0xFFFF, 0xFFFF, 0xFFFF,
  0xFFFF, 0xFFFF, 0xFFFF, 0xFFFF, 0xFFFF, 0xFFFF, 0xFFFF, 0xFFFF, 0xFFFF, 0xFFFF, 0xFFFF, 0xFFFF,
  0xFFFF, 0xFFFF, 0xFFFF, 0xFFFF, 0xFFFF, 0xFFFF, 0xFFFF, 0xFFFF, 0xFFFF, 0xFFFF, 0xFFFF, 0xFFFF,
  0xFFFF, 0xFFFF, 0xFFFF, 0xFFFF, 0xFFFF, 0xFFFF, 0xFFFF, 0xFFFF, 0xFFFF, 0xFFFF, 0xFFFF, 0xFFFF,
  0x7C0D, 0x7C0D, 0x7C0C, 0x7C0D, 0x7C0D, 0x7C0C, 0x7C0D, 0x7C0D, 0x7C0D, 0x7C0D, 0x7C0D, 0x7C0C,
  0x740C, 0x7C0C, 0x7C0C, 0x740C, 0x740C, 0x740C, 0x740C, 0x7C0C, 0x7C0C, 0x7C0C, 0x7C0C, 0x7C0C,
  0x7C0C, 0x7C0C, 0x7C2C, 0x7C2C, 0x7C2C, 0x7C2C, 0x842D, 0x844D, 0x844D, 0x844D, 0x844D, 0x846D,
  0x846D, 0x8C6D, 0x8C8D, 0x8C8D, 0xACCB, 0xBCC7, 0xC4C6, 0xC4C6, 0xC4A6, 0xBCA6, 0xBC86, 0xB446,
  0xB446, 0xAC06, 0xABE5, 0xA3C5, 0xA3C5, 0xA3C5, 0xA344, 0x9242, 0x91A1, 0x9982, 0x9962, 0x9982,
  0x9963, 0x9143, 0x8122, 0x70E1, 0x6101, 0x6161, 0x69E3, 0x7224, 0x6A23, 0x6A03, 0x6202, 0x61E2,
  0x61E3, 0x6A44, 0x6A84, 0x6A85, 0x838B, 0x4A29, 0x2106, 0x3166, 0x3167, 0x2966, 0x2946, 0x2105,
  0x39E9, 0x9C96, 0xD67D, 0xEF5F, 0xFFDF, 0xFFFF, 0xFFFF, 0xFFFF, 0xFFFF, 0xFFFF, 0xFFFF, 0xFFFF,
  0xFFFF, 0xFFFF, 0xFFFF, 0xFFFF, 0xFFFF, 0xFFFF, 0xFFFF, 0xFFFF, 0xFFFF, 0xFFFF, 0xFFFF, 0xFFFF,
  0xFFFF, 0xFFFF, 0xFFFF, 0xFFFF, 0xFFFF, 0xFFFF, 0xFFFF, 0xFFFF, 0xFFFF, 0xFFFF, 0xFFFF, 0xFFFF,
  0xFFFF, 0xFFFF, 0xFFFF, 0xFFFF, 0xFFFF, 0xFFFF, 0xFFFF, 0xFFFF, 0x7C2C, 0x7C2C, 0x7C0D, 0x7C2D,
  0x7C2D, 0x7C2D, 0x7C0D, 0x7C0D, 0x7C0D, 0x7C0D, 0x7C0D, 0x7C0C, 0x7C0C, 0x7C0C, 0x7C0C, 0x7C0C,
  0x7C0D, 0x7C0D, 0x7C0D, 0x7C0C, 0x7C0C, 0x7C2D, 0x7C2D, 0x7C2D, 0x7C2D, 0x7C2D, 0x7C2D, 0x7C2D,
  0x844D, 0x844D, 0x844D, 0x844D, 0x844D, 0x8C6D, 0x8C6D, 0x8C6D, 0x8C8D, 0x8C8D, 0x8C8D, 0x8CAD,
  0x946C, 0x7326, 0x7B04, 0x8345, 0x8B65, 0x9385, 0x9385, 0x9385, 0x9385, 0x9B65, 0x9B85, 0x9B85,
  0x9B85, 0x9B65, 0x9B65, 0x9B65, 0x92E3, 0x8A63, 0x8203, 0x71C2, 0x7181, 0x6962, 0x6942, 0x6142,
  0x61A3, 0x6202, 0x6222, 0x6202, 0x6202, 0x6202, 0x6203, 0x6203, 0x5A03, 0x6223, 0x6243, 0x7307,
  0x6B2B, 0x2105, 0x2946, 0x2966, 0x2966, 0x2966, 0x2946, 0x2105, 0x39E9, 0x9CB6, 0xD67D, 0xEF5F,
  0xFFDF, 0xFFFF, 0xFFFF, 0xFFFF, 0xFFFF, 0xFFFF, 0xFFFF, 0xFFFF, 0xFFFF, 0xFFFF, 0xFFFF, 0xFFFF,
  0xFFFF, 0xFFFF, 0xFFFF, 0xFFFF, 0xFFFF, 0xFFFF, 0xFFFF, 0xFFFF, 0xFFFF, 0xFFFF, 0xFFFF, 0xFFFF,
  0xFFFF, 0xFFFF, 0xFFFF, 0xFFFF, 0xFFFF, 0xFFFF, 0xFFFF, 0xFFFF, 0xFFFF, 0xFFFF, 0xFFFF, 0xFFFF,
  0xFFFF, 0xFFFF, 0xFFFF, 0xFFFF, 0x7C2D, 0x7C2D, 0x7C2D, 0x7C2D, 0x7C2D, 0x7C2D, 0x7C0D, 0x7C2D,
  0x7C2D, 0x7C0D, 0x7C0D, 0x7C2D, 0x7C2D, 0x7C2D, 0x7C2D, 0x7C2D, 0x7C2D, 0x7C2D, 0x7C2D, 0x7C2D,
  0x7C2D, 0x7C2D, 0x7C2D, 0x7C2D, 0x844D, 0x844D, 0x844D, 0x844D, 0x844D, 0x846D, 0x846D, 0x8C6D,
  0x8C6D, 0x8C8D, 0x8C8D, 0x8C8D, 0x8CAE, 0x94AE, 0x94AE, 0x948E, 0x946E, 0x5247, 0x18C1, 0x18C1,
  0x20A1, 0x20A1, 0x20A1, 0x28C1, 0x28E1, 0x30E1, 0x3922, 0x4142, 0x4162, 0x49A2, 0x59E2, 0x6A43,
  0x7AA4, 0x82E4, 0x8B05, 0x82E4, 0x82E4, 0x82E4, 0x7AE4, 0x7AA4, 0x7284, 0x6222, 0x5A02, 0x59E2,
  0x59E2, 0x59E2, 0x51C3, 0x51C3, 0x51E3, 0x51E3, 0x5A25, 0x6AE8, 0x39C7, 0x1904, 0x2146, 0x2966,
  0x2966, 0x2966, 0x2966, 0x2125, 0x39EA, 0x9CD7, 0xCE7D, 0xEF3F, 0xFFDF, 0xFFFF, 0xFFFF, 0xFFFF,
  0xFFFF, 0xFFFF, 0xFFFF, 0xFFFF, 0xFFFF, 0xFFFF, 0xFFFF, 0xFFFF, 0xFFFF, 0xFFFF, 0xFFFF, 0xFFFF,
  0xFFFF, 0xFFFF, 0xFFFF, 0xFFFF, 0xFFFF, 0xFFFF, 0xFFFF, 0xFFFF, 0xFFFF, 0xFFFF, 0xFFFF, 0xFFFF,
  0xFFFF, 0xFFFF, 0xFFFF, 0xFFFF, 0xFFFF, 0xFFFF, 0xFFFF, 0xFFFF, 0xFFFF, 0xFFFF, 0xFFFF, 0xFFFF,
  0x7C2D, 0x7C2D, 0x7C2D, 0x7C2D, 0x7C2D, 0x7C2D, 0x7C2D, 0x7C2D, 0x7C2D, 0x7C2D, 0x7C2D, 0x7C2D,
  0x7C2D, 0x7C2D, 0x7C2D, 0x7C2D, 0x7C2D, 0x7C2D, 0x7C4D, 0x844D, 0x844D, 0x844D, 0x844D, 0x844D,
  0x846E, 0x846D, 0x846D, 0x846D, 0x846D, 0x8C8E, 0x8C8E, 0x8C8E, 0x8C8D, 0x8C8D, 0x8C8D, 0x94AE,
  0x94AE, 0x94AE, 0x94AE, 0x7BAB, 0x83AD, 0x5268, 0x3143, 0x2923, 0x20E2, 0x20C2, 0x18C2, 0x18A2,
  0x18A2, 0x18A2, 0x18A2, 0x1081, 0x1061, 0x1061, 0x0861, 0x0861, 0x1881, 0x20E1, 0x3922, 0x49A3,
  0x5A03, 0x5A43, 0x6223, 0x6203, 0x59E2, 0x59C3, 0x51C3, 0x51C2, 0x49A3, 0x49A3, 0x4983, 0x4983,
  0x4183, 0x4183, 0x3983, 0x2103, 0x10A2, 0x2125, 0x2146, 0x2966, 0x2966, 0x2966, 0x2966, 0x2125,
  0x39EA, 0x9CB6, 0xCE5C, 0xEF3F, 0xFFBF, 0xFFFF, 0xFFFF, 0xFFFF, 0xFFFF, 0xFFFF, 0xFFFF, 0xFFFF,
  0xFFFF, 0xFFFF, 0xFFFF, 0xFFFF, 0xFFFF, 0xFFFF, 0xFFFF, 0xFFFF, 0xFFFF, 0xFFFF, 0xFFFF, 0xFFFF,
  0xFFFF, 0xFFFF, 0xFFFF, 0xFFFF, 0xFFFF, 0xFFFF, 0xFFFF, 0xFFFF, 0xFFFF, 0xFFFF, 0xFFFF, 0xFFFF,
  0xFFFF, 0xFFFF, 0xFFFF, 0xFFFF, 0xFFFF, 0xFFFF, 0xFFFF, 0xFFFF, 0x7C2D, 0x7C2D, 0x7C2D, 0x7C2D,
  0x7C2D, 0x7C2D, 0x7C4D, 0x7C4D, 0x7C4D, 0x7C4D, 0x7C4D, 0x7C4D, 0x7C4D, 0x844D, 0x844D, 0x844D,
  0x844D, 0x844D, 0x844E, 0x846D, 0x846E, 0x846E, 0x846E, 0x846E, 0x846D, 0x848E, 0x848D, 0x8C8E,
  0x8C8E, 0x8C8E, 0x8C8E, 0x8CAE, 0x94AE, 0x94AE, 0x94AE, 0x94CE, 0x94CE, 0x9CCE, 0x9D0E, 0x5B09,
  0x3185, 0x2923, 0x20E2, 0x20E2, 0x20E2, 0x18E2, 0x20E2, 0x20E3, 0x2103, 0x2124, 0x2124, 0x2104,
  0x2104, 0x20E3, 0x18C3, 0x18A2, 0x10A2, 0x1062, 0x0841, 0x0840, 0x1040, 0x1061, 0x1081, 0x20C1,
  0x28E2, 0x28E2, 0x28E2, 0x28E2, 0x28E2, 0x20E2, 0x20E2, 0x20C2, 0x18A2, 0x18A1, 0x1082, 0x10A3,
  0x18C3, 0x4A6A, 0x3166, 0x2946, 0x2966, 0x2966, 0x2966, 0x2125, 0x39E9, 0x8C75, 0xC61B, 0xE71E,
  0xF79F, 0xFFDF, 0xFFFF, 0xFFFF, 0xFFFF, 0xFFFF, 0xFFFF, 0xFFFF, 0xFFFF, 0xFFFF, 0xFFFF, 0xFFFF,
  0xFFFF, 0xFFFF, 0xFFFF, 0xFFFF, 0xFFFF, 0xFFFF, 0xFFFF, 0xFFFF, 0xFFFF, 0xFFFF, 0xFFFF, 0xFFFF,
  0xFFFF, 0xFFFF, 0xFFFF, 0xFFFF, 0xFFFF, 0xFFFF, 0xFFFF, 0xFFFF, 0xFFFF, 0xFFFF, 0xFFFF, 0xFFFF,
  0xFFFF, 0xFFFF, 0xFFFF, 0xFFFF, 0x844E, 0x844E, 0x844E, 0x844E, 0x844E, 0x844E, 0x844E, 0x844E,
  0x844E, 0x844E, 0x844E, 0x844D, 0x844E, 0x846E, 0x846E, 0x846E, 0x846E, 0x846E, 0x846E, 0x846E,
  0x848E, 0x848E, 0x848E, 0x8C8E, 0x8C8E, 0x8C8E, 0x8CAE, 0x8CAE, 0x94AE, 0x94AE, 0x94AE, 0x94AE,
  0x94CE, 0x94CE, 0x9CCE, 0x9CCE, 0x9CEE, 0x9CEE, 0xA50F, 0x8C6D, 0x31C6, 0x2103, 0x18E3, 0x18C3,
  0x18C3, 0x18C3, 0x18E3, 0x18E3, 0x18E3, 0x18E3, 0x18E3, 0x18E3, 0x18E4, 0x20E4, 0x18E4, 0x20E4,
  0x18E3, 0x18C3, 0x10A2, 0x1082, 0x1082, 0x1082, 0x0881, 0x0861, 0x0861, 0x0861, 0x0861, 0x1061,
  0x0861, 0x0861, 0x0861, 0x0861, 0x1061, 0x1082, 0x10A3, 0x10A2, 0x18E4, 0x5AEC, 0x2946, 0x2946,
  0x2966, 0x2966, 0x2966, 0x2125, 0x31A8, 0x7BD2, 0xB5B9, 0xDEBD, 0xEF5F, 0xFFDF, 0xFFFF, 0xFFFF,
  0xFFFF, 0xFFFF, 0xFFFF, 0xFFFF, 0xFFFF, 0xFFFF, 0xFFFF, 0xFFFF, 0xFFFF, 0xFFFF, 0xFFFF, 0xFFFF,
  0xFFFF, 0xFFFF, 0xFFFF, 0xFFFF, 0xFFFF, 0xFFFF, 0xFFFF, 0xFFFF, 0xFFFF, 0xFFFF, 0xFFFF, 0xFFFF,
  0xFFFF, 0xFFFF, 0xFFFF, 0xFFFF, 0xFFFF, 0xFFFF, 0xFFFF, 0xFFFF, 0xFFFF, 0xFFFF, 0xFFFF, 0xFFFF,
  0x846E, 0x846E, 0x844E, 0x846E, 0x844E, 0x846E, 0x846E, 0x846E, 0x846E, 0x846E, 0x846E, 0x846E,
  0x846E, 0x846E, 0x848E, 0x846E, 0x848E, 0x8C8E, 0x8C8E, 0x8C8E, 0x8C8E, 0x8CAE, 0x8CAE, 0x8CAE,
  0x8CAE, 0x8CAE, 0x94AE, 0x94CE, 0x94CE, 0x94CE, 0x94CE, 0x94CF, 0x9CCE, 0x9CCE, 0x9CEE, 0x9D0F,
  0xA50F, 0xA50F, 0x9D0F, 0xA52F, 0x842D, 0x31C6, 0x18C3, 0x18C3, 0x18C3, 0x18C3, 0x18C3, 0x18C3,
  0x18C3, 0x18C3, 0x18C3, 0x18C3, 0x18C3, 0x18C3, 0x18C3, 0x18C3, 0x18C3, 0x18C3, 0x10A3, 0x10A2,
  0x10A2, 0x1082, 0x1082, 0x1082, 0x1082, 0x1082, 0x1082, 0x10A2, 0x10A2, 0x1082, 0x1082, 0x10A2,
  0x10A2, 0x10A2, 0x10C3, 0x10A3, 0x31A7, 0x31E8, 0x18E4, 0x2925, 0x2946, 0x2966, 0x2946, 0x2125,
  0x2967, 0x630E, 0xA516, 0xCE5B, 0xE6FE, 0xF77F, 0xFFBF, 0xFFFF, 0xFFFF, 0xFFFF, 0xFFFF, 0xFFFF,
  0xFFFF, 0xFFFF, 0xFFFF, 0xFFFF, 0xFFFF, 0xFFFF, 0xFFFF, 0xFFFF, 0xFFFF, 0xFFFF, 0xFFFF, 0xFFFF,
  0xFFFF, 0xFFFF, 0xFFFF, 0xFFFF, 0xFFFF, 0xFFFF, 0xFFFF, 0xFFFF, 0xFFFF, 0xFFFF, 0xFFFF, 0xFFFF,
  0xFFFF, 0xFFFF, 0xFFFF, 0xFFFF, 0xFFFF, 0xFFFF, 0xFFFF, 0xFFFF, 0x846E, 0x846E, 0x846E, 0x846E,
  0x846E, 0x846E, 0x846E, 0x846E, 0x846E, 0x848E, 0x848E, 0x846E, 0x8C8E, 0x8C8E, 0x8C8E, 0x8C8E,
  0x8C8E, 0x8CAE, 0x8CAF, 0x8CAE, 0x94AF, 0x94CF, 0x94CF, 0x94CF, 0x94CE, 0x94CF, 0x94EF, 0x94EF,
  0x94EF, 0x94EF, 0x9CEF, 0x9CEF, 0x9CEE, 0x9CEF, 0xA50F, 0xA50F, 0xA52F, 0xA52F, 0xA52F, 0xA52F,
  0xAD70, 0x73AB, 0x18C3, 0x18A2, 0x18C3, 0x18C3, 0x18C3, 0x18E3, 0x18C3, 0x18C3, 0x18C3, 0x18C3,
  0x18A3, 0x10A3, 0x10A3, 0x10A3, 0x10A2, 0x10A2, 0x10A2, 0x10A3, 0x10A3, 0x10A2, 0x1082, 0x1082,
  0x1082, 0x1082, 0x10A2, 0x10A2, 0x10A2, 0x10A2, 0x10A2, 0x10A2, 0x10A2, 0x10A2, 0x10A3, 0x2125,
  0x31A7, 0x18E4, 0x18E4, 0x2125, 0x2925, 0x2925, 0x2925, 0x2125, 0x2946, 0x420A, 0x7BD1, 0xB578,
  0xD67C, 0xE6FD, 0xEF3E, 0xF79F, 0xF7BF, 0xFFDF, 0xFFFF, 0xFFFF, 0xFFFF, 0xFFFF, 0xFFFF, 0xFFFF,
  0xFFFF, 0xFFFF, 0xFFFF, 0xFFFF, 0xFFFF, 0xFFFF, 0xFFFF, 0xFFFF, 0xFFFF, 0xFFFF, 0xFFFF, 0xFFFF,
  0xFFFF, 0xFFFF, 0xFFFF, 0xFFFF, 0xFFFF, 0xFFFF, 0xFFFF, 0xFFFF, 0xFFFF, 0xFFFF, 0xFFFF, 0xFFFF,
  0xFFFF, 0xFFFF, 0xFFFF, 0xFFFF, 0x846E, 0x846E, 0x848E, 0x848E, 0x848E, 0x848E, 0x8C8E, 0x8C8E,
  0x8C8E, 0x8C8E, 0x8C8E, 0x8C8E, 0x8C8E, 0x8CAE, 0x8CAF, 0x8CAF, 0x8CAF, 0x8CAF, 0x8CCF, 0x94CF,
  0x94CF, 0x94CF, 0x94CF, 0x94CF, 0x94EF, 0x94EF, 0x9CEF, 0x9CEF, 0x9CEF, 0x9CEF, 0x9D0F, 0x9D0F,
  0xA50F, 0xA50F, 0xA52F, 0xA52F, 0xA52F, 0xAD4F, 0xAD4F, 0xA52F, 0xA52F, 0x948F, 0x7BAD, 0x41C6,
  0x18C2, 0x18C3, 0x18C2, 0x18C3, 0x18C2, 0x18C3, 0x18C3, 0x18C3, 0x18A3, 0x18C3, 0x10A3, 0x10A3,
  0x10A2, 0x10A3, 0x10A2, 0x10A2, 0x10A2, 0x1082, 0x1082, 0x1082, 0x1082, 0x1082, 0x1082, 0x1082,
  0x1082, 0x1082, 0x1082, 0x1082, 0x10A3, 0x10A3, 0x18E4, 0x31C7, 0x1905, 0x10C4, 0x18E4, 0x2104,
  0x2125, 0x2125, 0x2125, 0x2105, 0x2105, 0x3166, 0x526B, 0x83F1, 0xAD37, 0xC61A, 0xDE9C, 0xE6FD,
  0xEF3E, 0xF77F, 0xF79F, 0xFFDF, 0xFFFF, 0xFFFF, 0xFFFF, 0xFFFF, 0xFFFF, 0xFFFF, 0xFFFF, 0xFFFF,
  0xFFFF, 0xFFFF, 0xFFFF, 0xFFFF, 0xFFFF, 0xFFFF, 0xFFFF, 0xFFFF, 0xFFFF, 0xFFFF, 0xFFFF, 0xFFFF,
  0xFFFF, 0xFFFF, 0xFFFF, 0xFFFF, 0xFFFF, 0xFFFF, 0xFFFF, 0xFFFF, 0xFFFF, 0xFFFF, 0xFFFF, 0xFFFF,
  0x848F, 0x848F, 0x8C8E, 0x8C8E, 0x8C8E, 0x8C8F, 0x8CAF, 0x8CAF, 0x8CAF, 0x8CAF, 0x8CAF, 0x8CAF,
  0x8CAF, 0x8CAF, 0x8CAF, 0x8CCF, 0x94CF, 0x94CF, 0x94CF, 0x94EF, 0x94EF, 0x94EF, 0x9CEF, 0x9CEF,
  0x9CEF, 0x9D0F, 0x9D0F, 0x9D0F, 0x9D0F, 0x9D0F, 0xA50F, 0xA52F, 0xA52F, 0xA52F, 0xA50F, 0xA52F,
  0xA50F, 0x948E, 0x8C0D, 0x62E9, 0x62E9, 0xACF1, 0xC5D5, 0x9C70, 0x4207, 0x18C2, 0x18E3, 0x18C3,
  0x18C2, 0x18C3, 0x18C3, 0x18C3, 0x18C3, 0x18C3, 0x18C3, 0x18A3, 0x10A3, 0x10A3, 0x10A2, 0x10A2,
  0x10A2, 0x10A2, 0x1082, 0x1082, 0x1082, 0x1082, 0x1082, 0x1082, 0x1082, 0x1082, 0x1082, 0x10A3,
  0x10A3, 0x18C3, 0x2125, 0x5AEB, 0x29A7, 0x10A3, 0x18E4, 0x18E4, 0x2104, 0x2105, 0x2105, 0x2105,
  0x2104, 0x2105, 0x3187, 0x4A4A, 0x736F, 0x9473, 0xB556, 0xC5F9, 0xD67B, 0xDEDD, 0xEF1E, 0xEF5E,
  0xF79F, 0xF7BF, 0xFFDF, 0xFFFF, 0xFFFF, 0xFFFF, 0xFFFF, 0xFFFF, 0xFFFF, 0xFFFF, 0xFFFF, 0xFFFF,
  0xFFFF, 0xFFFF, 0xFFFF, 0xFFFF, 0xFFFF, 0xFFFF, 0xFFFF, 0xFFFF, 0xFFFF, 0xFFFF, 0xFFFF, 0xFFFF,
  0xFFFF, 0xFFFF, 0xFFFF, 0xFFFF, 0xFFFF, 0xFFFF, 0xFFFF, 0xFFFF, 0x8C8F, 0x8C8F, 0x8C8F, 0x8C8F,
  0x8C8F, 0x8CAF, 0x8CAF, 0x8CAF, 0x8CAF, 0x8CAF, 0x8CAF, 0x8CCF, 0x94CF, 0x94CF, 0x94CF, 0x94CF,
  0x94CF, 0x94EF, 0x94EF, 0x94EF, 0x9CEF, 0x9D0F, 0x9D0F, 0x9D0F, 0x9D0F, 0x9D0F, 0x9D2F, 0xA52F,
  0xA530, 0xA530, 0xA52F, 0xA52F, 0xA52F, 0xB550, 0xB571, 0xBD51, 0xACD0, 0x7B6C, 0x62A9, 0x62CA,
  0x41E6, 0x39A5, 0x9450, 0xC5F6, 0x9470, 0x39A6, 0x18C3, 0x20E3, 0x18C3, 0x18C3, 0x18A3, 0x18A3,
  0x18A3, 0x18C3, 0x10A2, 0x10A2, 0x10A2, 0x10A2, 0x10A2, 0x10A2, 0x10A2, 0x1082, 0x1082, 0x1082,
  0x1082, 0x1082, 0x1082, 0x1082, 0x10A2, 0x10A2, 0x10A3, 0x10A3, 0x10C3, 0x18E4, 0x39C7, 0x6B4D,
  0x2166, 0x10A3, 0x18C4, 0x18E4, 0x18E4, 0x2104, 0x2105, 0x2104, 0x20E4, 0x20E4, 0x2105, 0x2946,
  0x39A7, 0x4A4A, 0x6B2D, 0x8411, 0x9CD4, 0xBDB8, 0xCE3A, 0xDE9C, 0xE6FD, 0xEF3E, 0xEF5F, 0xF77F,
  0xF7BF, 0xFFDF, 0xFFFF, 0xFFFF, 0xFFFF, 0xFFFF, 0xFFFF, 0xFFFF, 0xFFFF, 0xFFFF, 0xFFFF, 0xFFFF,
  0xFFFF, 0xFFFF, 0xFFFF, 0xFFFF, 0xFFFF, 0xFFFF, 0xFFFF, 0xFFFF, 0xFFFF, 0xFFFF, 0xFFFF, 0xFFFF,
  0xFFFF, 0xFFFF, 0xFFFF, 0xFFFF, 0x8CAF, 0x8CAF, 0x8CAF, 0x8CAF, 0x8CAF, 0x8CAF, 0x8CAF, 0x8CAF,
  0x8CCF, 0x94CF, 0x94CF, 0x94CF, 0x94CF, 0x94EF, 0x94F0, 0x94F0, 0x94F0, 0x9CF0, 0x9CF0, 0x9D0F,
  0x9D10, 0x9D0F, 0x9D2F, 0x9D30, 0x9D30, 0x9D30, 0xA530, 0xA530, 0xA530, 0xA52F, 0xA530, 0xBDD2,
  0xCDF4, 0xBD53, 0x940F, 0x732C, 0x5289, 0x41E7, 0x39A6, 0x4A08, 0x41C6, 0x20E3, 0x20E3, 0x9CD2,
  0xC595, 0x8BEF, 0x20E4, 0x18C3, 0x18C3, 0x18C3, 0x18A2, 0x10A2, 0x18A2, 0x10A2, 0x10A2, 0x10A2,
  0x18C2, 0x10A2, 0x10A3, 0x10A2, 0x10A2, 0x10A2, 0x1082, 0x10A2, 0x1082, 0x1082, 0x1082, 0x1082,
  0x1082, 0x10A2, 0x10A3, 0x10A3, 0x10C3, 0x2124, 0x52A9, 0x4229, 0x18E5, 0x1904, 0x10A3, 0x18E4,
  0x18E4, 0x20E4, 0x20E4, 0x20E4, 0x20E4, 0x20E4, 0x2105, 0x2105, 0x2925, 0x3166, 0x39C7, 0x526A,
  0x6B0C, 0x8BF0, 0xA4D3, 0xB576, 0xC5F9, 0xD65B, 0xDEBC, 0xE6FD, 0xEF3E, 0xF75E, 0xF79F, 0xFFBF,
  0xFFDF, 0xFFFF, 0xFFFF, 0xFFFF, 0xFFFF, 0xFFFF, 0xFFFF, 0xFFFF, 0xFFFF, 0xFFFF, 0xFFFF, 0xFFFF,
  0xFFFF, 0xFFFF, 0xFFFF, 0xFFFF, 0xFFFF, 0xFFFF, 0xFFFF, 0xFFFF, 0xFFFF, 0xFFFF, 0xFFFF, 0xFFDF,
  0x8CAF, 0x8CAF, 0x8CAF, 0x94D0, 0x8CCF, 0x94D0, 0x94D0, 0x94CF, 0x94CF, 0x94F0, 0x94F0, 0x94EF,
  0x94F0, 0x94F0, 0x94F0, 0x9D10, 0x9D10, 0x9D10, 0x9D10, 0x9D30, 0x9D30, 0x9D30, 0x9D30, 0xA530,
  0xA530, 0xA530, 0xA550, 0xA550, 0xA530, 0xC592, 0xD615, 0xC573, 0x8BCE, 0x5A6A, 0x3186, 0x2945,
  0x2125, 0x2124, 0x2945, 0x2945, 0x3165, 0x3166, 0x1082, 0x39A6, 0xBD74, 0xBD54, 0x62CB, 0x1882,
  0x18C4, 0x18C3, 0x18C3, 0x18C3, 0x18A2, 0x10A2, 0x10A2, 0x10A2, 0x10A2, 0x10A2, 0x10A2, 0x10A2,
  0x10A2, 0x1082, 0x10A2, 0x10A2, 0x1082, 0x1082, 0x1082, 0x1082, 0x1082, 0x10A2, 0x1082, 0x10A2,
  0x18C3, 0x39E6, 0x5AEA, 0x18C3, 0x2105, 0x4209, 0x10C4, 0x18C3, 0x18E4, 0x20E4, 0x20E4, 0x20E4,
  0x20E4, 0x20E4, 0x20E4, 0x2104, 0x2925, 0x3145, 0x3966, 0x41C7, 0x5229, 0x62CB, 0x7B6E, 0x8C10,
  0xA4B3, 0xB535, 0xBDB7, 0xCE19, 0xD67B, 0xE6DC, 0xEF1D, 0xF75E, 0xF77E, 0xFFBF, 0xFFFF, 0xFFFF,
  0xFFFF, 0xFFFF, 0xFFFF, 0xFFFF, 0xFFFF, 0xFFFF, 0xFFFF, 0xFFFF, 0xFFFF, 0xFFFF, 0xFFFF, 0xFFFF,
  0xFFFF, 0xFFFF, 0xFFFF, 0xFFFF, 0xFFFF, 0xFFFF, 0xFFFF, 0xFF9E, 0x8CD0, 0x8CD0, 0x94D0, 0x94D0,
  0x94D0, 0x94D0, 0x94D0, 0x94F0, 0x94F0, 0x94F0, 0x94F0, 0x94F0, 0x94F0, 0x9510, 0x9510, 0x9D10,
  0x9D10, 0x9D10, 0x9D30, 0x9D30, 0xA530, 0xA550, 0xA550, 0xA550, 0xA530, 0xA550, 0xA530, 0x9CD0,
  0xA4F0, 0xACD1, 0x83AE, 0x5249, 0x3166, 0x2946, 0x2125, 0x2124, 0x2104, 0x2104, 0x2104, 0x2104,
  0x2104, 0x2925, 0x2104, 0x0841, 0x7B6C, 0xCDD5, 0xA4B2, 0x3145, 0x18A3, 0x18E3, 0x1082, 0x1082,
  0x18A2, 0x18C3, 0x18C3, 0x18C3, 0x18C3, 0x10A2, 0x10A2, 0x1082, 0x1082, 0x1082, 0x1082, 0x1082,
  0x1082, 0x1082, 0x1082, 0x0882, 0x0862, 0x0841, 0x0882, 0x10A2, 0x2124, 0x630A, 0x4207, 0x0842,
  0x10A3, 0x52AB, 0x4209, 0x1083, 0x18E4, 0x20E4, 0x20E4, 0x20E4, 0x18E4, 0x20E4, 0x20E4, 0x2105,
  0x2925, 0x3145, 0x3166, 0x39A7, 0x49E8, 0x5A6A, 0x6AEC, 0x7B6D, 0x8BCF, 0x9430, 0xA4B2, 0xAD13,
  0xB576, 0xC5F8, 0xD65A, 0xE6DB, 0xEF1D, 0xF77E, 0xFFBF, 0xFFFF, 0xFFFF, 0xFFFF, 0xFFFF, 0xFFFF,
  0xFFFF, 0xFFFF, 0xFFFF, 0xFFFF, 0xFFFF, 0xFFFF, 0xFFFF, 0xFFFF, 0xFFFF, 0xFFFF, 0xFFFF, 0xFFFF,
  0xFFFF, 0xFFFF, 0xFFDF, 0xFF7E, 0x8CD0, 0x94D0, 0x94D0, 0x94F0, 0x94D0, 0x94D0, 0x94F0, 0x94F0,
  0x94F0, 0x94F0, 0x9510, 0x9D10, 0x9D10, 0x9D10, 0x9D10, 0x9D10, 0x9D30, 0x9D30, 0x9D30, 0xA530,
  0xA530, 0xA550, 0xA550, 0xA550, 0xAD71, 0x9D30, 0x842D, 0xBD52, 0xC593, 0x8BEE, 0x5248, 0x3166,
  0x2125, 0x2104, 0x2104, 0x2104, 0x2104, 0x2104, 0x2104, 0x2104, 0x2104, 0x20E4, 0x18E4, 0x1082,
  0x2924, 0xB533, 0xC5B6, 0x6B2C, 0x10A3, 0x2104, 0x630C, 0x5AEB, 0x39C7, 0x18E3, 0x10A2, 0x1082,
  0x1082, 0x1082, 0x1082, 0x1082, 0x1082, 0x1082, 0x0862, 0x0862, 0x0861, 0x0841, 0x0841, 0x0861,
  0x2104, 0x4228, 0x5AEA, 0x18E3, 0x31C6, 0x632B, 0x18E4, 0x0862, 0x1082, 0x31A7, 0x6B6F, 0x18E5,
  0x18C4, 0x20E4, 0x20E4, 0x20E4, 0x18E4, 0x20E4, 0x20E4, 0x2104, 0x2924, 0x2945, 0x3165, 0x39A6,
  0x49E7, 0x5A69, 0x6AEB, 0x7B6D, 0x8BAF, 0x9410, 0x9C30, 0x9C50, 0xA491, 0xA4D2, 0xB534, 0xC5F7,
  0xDE9A, 0xEF1D, 0xF77E, 0xFFDF, 0xFFFF, 0xFFFF, 0xFFFF, 0xFFFF, 0xFFFF, 0xFFFF, 0xFFFF, 0xFFFF,
  0xFFFF, 0xFFFF, 0xFFFF, 0xFFFF, 0xFFFF, 0xFFFF, 0xFFFF, 0xFFFF, 0xFFFF, 0xFFDF, 0xFFBF, 0xF77F,
  0x94D0, 0x94F0, 0x94F0, 0x94F0, 0x94F0, 0x94F0, 0x94F0, 0x9D11, 0x9D10, 0x9D10, 0x9D10, 0x9D10,
  0x9D10, 0x9D30, 0x9D30, 0x9D30, 0xA530, 0xA530, 0xA550, 0xA550, 0xA550, 0xA551, 0xA551, 0xA550,
  0xAD71, 0x840D, 0x946F, 0xB4F1, 0x83CD, 0x5248, 0x3145, 0x2104, 0x18E4, 0x18E3, 0x18C3, 0x18C3,
  0x18E3, 0x18E3, 0x18E4, 0x18E4, 0x18E3, 0x2104, 0x2104, 0x18E3, 0x0841, 0x83AE, 0xCDF6, 0xA4B2,
  0x2925, 0x18C3, 0x5ACB, 0xA514, 0xB596, 0xA4F4, 0x83EF, 0x62EB, 0x4208, 0x3186, 0x2125, 0x1904,
  0x18E4, 0x18C3, 0x18C3, 0x18E3, 0x2125, 0x39C7, 0x5ACB, 0x73AF, 0x8430, 0x6B4C, 0x39C6, 0x18E3,
  0x4A68, 0x4A69, 0x0862, 0x1082, 0x10A3, 0x18C3, 0x6B4E, 0x39E9, 0x10A3, 0x20E4, 0x20E4, 0x18E4,
  0x18E4, 0x20E4, 0x20E4, 0x2104, 0x2924, 0x2944, 0x3965, 0x41A6, 0x4A07, 0x5A69, 0x6AEB, 0x7B6D,
  0x8BCF, 0x9410, 0x9C50, 0x9C50, 0x9C50, 0x9C50, 0xA491, 0xACF3, 0xCDF8, 0xE6DB, 0xF75D, 0xFFBE,
  0xFFFF, 0xFFFF, 0xFFFF, 0xFFFF, 0xFFFF, 0xFFFF, 0xFFFF, 0xFFFF, 0xFFFF, 0xFFFF, 0xFFFF, 0xFFFF,
  0xFFFF, 0xFFFF, 0xFFFF, 0xFFFF, 0xFFDF, 0xFFBF, 0xFF9F, 0xF75F, 0x94F0, 0x94F0, 0x94F0, 0x94F1,
  0x94F1, 0x9D11, 0x9D11, 0x9D11, 0x9D11, 0x9D31, 0x9D31, 0x9D31, 0x9D31, 0x9D30, 0x9D31, 0xA550,
  0xA551, 0xA550, 0xA551, 0xA551, 0xAD71, 0xAD71, 0xA551, 0xADB1, 0x8C4D, 0x4206, 0x4207, 0x3165,
  0x18A3, 0x10A1, 0x1082, 0x1082, 0x1062, 0x1082, 0x1082, 0x1082, 0x10A2, 0x10C3, 0x18C3, 0x18E3,
  0x18C3, 0x18C3, 0x18E3, 0x18E3, 0x0841, 0x4A28, 0xCDD6, 0xC5B6, 0x5A8A, 0x10A3, 0x18A3, 0x20E4,
  0x4208, 0x736D, 0x9492, 0xAD34, 0xB576, 0xB576, 0xAD55, 0xA514, 0x9CD3, 0x9CB2, 0x9CD3, 0x9CB2,
  0x9CB3, 0x8C71, 0x73CF, 0x52AA, 0x2945, 0x0882, 0x0861, 0x2124, 0x630B, 0x39E7, 0x0841, 0x10A2,
  0x10A3, 0x0882, 0x4229, 0x6B4F, 0x18C3, 0x20E4, 0x20E4, 0x20E4, 0x18E4, 0x20E4, 0x20E4, 0x2104,
  0x2924, 0x2944, 0x3965, 0x41A6, 0x4A08, 0x628A, 0x730C, 0x838E, 0x93EF, 0x9C30, 0x9C50, 0x9C51,
  0xA471, 0xA470, 0xA470, 0xA4B2, 0xC596, 0xE6BA, 0xF73C, 0xFF9E, 0xFFDF, 0xFFFF, 0xFFFF, 0xFFFF,
  0xFFFF, 0xFFFF, 0xFFFF, 0xFFFF, 0xFFFF, 0xFFFF, 0xFFFF, 0xFFFF, 0xFFFF, 0xFFFF, 0xFFDF, 0xFFBF,
  0xFFBF, 0xFF9F, 0xFF7F, 0xF73F, 0x94F0, 0x9511, 0x9D11, 0x9D11, 0x9D11, 0x9D11, 0x9D31, 0x9D31,
  0x9D31, 0x9D31, 0x9D31, 0x9D31, 0x9D51, 0x9D51, 0xA551, 0xA551, 0xA551, 0xA571, 0xA571, 0xAD71,
  0xAD71, 0xAD71, 0xAD71, 0xB5B1, 0x948E, 0x2985, 0x10A2, 0x0882, 0x1062, 0x1061, 0x1861, 0x1882,
  0x20A2, 0x20A2, 0x1081, 0x1081, 0x1061, 0x1061, 0x1082, 0x10A3, 0x10A3, 0x18C3, 0x18C3, 0x18C3,
  0x1082, 0x2104, 0xB533, 0xD617, 0x83F0, 0x18C3, 0x2104, 0x20E4, 0x18A3, 0x1082, 0x1082, 0x20E4,
  0x3186, 0x4208, 0x5269, 0x5269, 0x9492, 0x8C51, 0x39C7, 0x39C7, 0x2945, 0x10A3, 0x0861, 0x0041,
  0x0841, 0x1082, 0x10A2, 0x39A6, 0x7B8D, 0x2944, 0x0861, 0x10A2, 0x10A2, 0x1082, 0x2105, 0x83F1,
  0x3187, 0x18C3, 0x2104, 0x18E4, 0x18E4, 0x20E4, 0x20E4, 0x2104, 0x2924, 0x2945, 0x3966, 0x41A6,
  0x5208, 0x62AA, 0x732C, 0x83AE, 0x93EF, 0x9C50, 0xA471, 0xA471, 0xA471, 0xA471, 0xA470, 0xA491,
  0xBD75, 0xE69A, 0xF73C, 0xFF7D, 0xFFDE, 0xFFFF, 0xFFFF, 0xFFFF, 0xFFFF, 0xFFFF, 0xFFFF, 0xFFFF,
  0xFFFF, 0xFFFF, 0xFFFF, 0xFFFF, 0xFFFF, 0xFFDF, 0xFFBF, 0xFF9F, 0xFF9F, 0xFF9F, 0xF77F, 0xF75F,
  0x9D11, 0x9D11, 0x9D11, 0x9D11, 0x9D31, 0x9D31, 0x9D31, 0x9D31, 0xA531, 0xA552, 0xA551, 0xA551,
  0xA551, 0xA551, 0xA551, 0xA571, 0xA571, 0xAD71, 0xAD91, 0xAD71, 0xAD91, 0xAD91, 0xAD91, 0xAD91,
  0xB5B1, 0xA530, 0x52E8, 0x18E3, 0x28E3, 0x4103, 0x5164, 0x61A5, 0x61C6, 0x59C5, 0x4924, 0x4124,
  0x3944, 0x20A2, 0x1061, 0x1062, 0x1082, 0x1082, 0x10A2, 0x10A3, 0x10A2, 0x1082, 0x9C70, 0xD617,
  0x9CB2, 0x2125, 0x18E4, 0x2104, 0x2104, 0x2104, 0x18E3, 0x18A3, 0x1082, 0x0841, 0x10A2, 0x632C,
  0x9C92, 0x9451, 0x524A, 0x0862, 0x0861, 0x0882, 0x1082, 0x10A2, 0x1082, 0x1082, 0x1082, 0x528A,
  0x83EE, 0x18C3, 0x0862, 0x1082, 0x10A2, 0x1082, 0x1082, 0x632D, 0x526B, 0x10A3, 0x2104, 0x18E4,
  0x18E4, 0x20E4, 0x20E4, 0x2104, 0x2924, 0x3145, 0x3965, 0x41A6, 0x5228, 0x6AAA, 0x7B2C, 0x8BAE,
  0x9C10, 0xA451, 0xA491, 0xA491, 0xA491, 0xA491, 0xA471, 0xA4B2, 0xC5B6, 0xE6BA, 0xF73C, 0xFF7D,
  0xFFBE, 0xFFFF, 0xFFFF, 0xFFFF, 0xFFFF, 0xFFFF, 0xFFFF, 0xFFFF, 0xFFFF, 0xFFFF, 0xFFFF, 0xFFFF,
  0xFFDF, 0xF7BF, 0xF79F, 0xF79F, 0xFF9F, 0xFF9F, 0xF79F, 0xF79F, 0x9D31, 0x9D31, 0x9D31, 0xA531,
  0x9D32, 0x9D52, 0xA532, 0xA532, 0xA552, 0xA572, 0xA552, 0xA551, 0xA572, 0xA571, 0xA571, 0xAD71,
  0xAD91, 0xAD91, 0xAD91, 0xAD91, 0xAD91, 0xAD91, 0xAD92, 0xB5B2, 0xB591, 0xB5F2, 0xB571, 0x6226,
  0x61A5, 0x7A26, 0x8226, 0x8226, 0x7A26, 0x7227, 0x61A5, 0x69E6, 0x6A27, 0x4985, 0x28E3, 0x1061,
  0x1062, 0x1082, 0x1082, 0x10A3, 0x10A2, 0x0862, 0x83AE, 0xD5F7, 0xAD14, 0x3186, 0x18C3, 0x2104,
  0x20E4, 0x18E4, 0x18E3, 0x18C3, 0x18C3, 0x1082, 0x3165, 0xB575, 0xAD14, 0xACF4, 0x9CB2, 0x18E4,
  0x1082, 0x10A2, 0x1082, 0x1082, 0x1082, 0x1082, 0x10A3, 0x7B8D, 0x7BEE, 0x1082, 0x0882, 0x1082,
  0x1082, 0x1082, 0x0862, 0x4229, 0x5AED, 0x18A3, 0x20E4, 0x20E4, 0x18E4, 0x18E4, 0x20E4, 0x2104,
  0x2924, 0x3144, 0x3965, 0x41A6, 0x5A28, 0x6ACB, 0x834D, 0x93CF, 0x9C30, 0xA471, 0xA4B2, 0xA4B2,
  0xA491, 0xA4B2, 0xA4B1, 0xB513, 0xCDF7, 0xE69A, 0xF71C, 0xFF5D, 0xFF9E, 0xFFDE, 0xFFDE, 0xFFDF,
  0xFFBF, 0xFFBE, 0xFFBE, 0xFFBF, 0xFFDF, 0xFFDF, 0xFFDF, 0xF7BF, 0xF7BF, 0xEF9F, 0xEF9F, 0xF79F,
  0xF79F, 0xFFBF, 0xFFBF, 0xF7BF, 0x9D32, 0xA552, 0xA532, 0xA552, 0xA552, 0xA552, 0xA552, 0xA552,
  0xA552, 0xA572, 0xA572, 0xA572, 0xAD72, 0xAD92, 0xAD92, 0xAD91, 0xAD92, 0xAD91, 0xADB2, 0xB5B2,
  0xB5B2, 0xB5B2, 0xB5B2, 0xB5B2, 0xB5B2, 0xBDD2, 0xAC8E, 0x7205, 0x7225, 0x8266, 0x8246, 0x8246,
  0x8227, 0x7A27, 0x69C5, 0x69C6, 0x7227, 0x61C5, 0x4984, 0x28E2, 0x1061, 0x0862, 0x1082, 0x10A2,
  0x18C3, 0x0862, 0x734C, 0xCDF6, 0xB576, 0x4208, 0x18A3, 0x20E4, 0x20E4, 0x18E4, 0x18E3, 0x18E3,
  0x18C3, 0x10C3, 0x39C7, 0xA4D3, 0xA4F3, 0xA4D3, 0x8C10, 0x10C3, 0x0882, 0x1082, 0x1082, 0x1082,
  0x1082, 0x1082, 0x20E4, 0x8C30, 0x736D, 0x0841, 0x1082, 0x10A2, 0x1082, 0x1082, 0x0882, 0x2966,
  0x5AED, 0x18C4, 0x20E4, 0x20E4, 0x18E3, 0x18E3, 0x20E4, 0x2104, 0x2904, 0x3144, 0x3965, 0x41A6,
  0x5A49, 0x6ACB, 0x836D, 0x93EF, 0x9C50, 0xA491, 0xACB2, 0xACB2, 0xACB2, 0xACB2, 0xACD2, 0xBD34,
  0xCDF7, 0xDE79, 0xEEDB, 0xF73C, 0xFF7D, 0xFF9E, 0xFF7E, 0xFF7D, 0xFF5D, 0xFF5E, 0xFF7E, 0xFF9F,
  0xF79F, 0xF7BF, 0xF79F, 0xEF9F, 0xEF9F, 0xEF7F, 0xEF7F, 0xEF9F, 0xF79F, 0xFFBF, 0xF7BF, 0xF7DF,
  0xA552, 0xA552, 0xA552, 0xA552, 0xA552, 0xA572, 0xA552, 0xA552, 0xA572, 0xAD72, 0xAD72, 0xAD92,
  0xAD92, 0xAD92, 0xAD92, 0xAD92, 0xAD92, 0xADB2, 0xADB2, 0xB5B2, 0xB5B2, 0xB5B2, 0xB5B2, 0xB5B2,
  0xB5D2, 0xC550, 0xC44D, 0xA349, 0x7A46, 0x7A46, 0x8267, 0x8246, 0x8247, 0x7A47, 0x69E6, 0x61A5,
  0x7A47, 0x61C5, 0x4964, 0x3103, 0x28E3, 0x1082, 0x0861, 0x10A2, 0x18E3, 0x0861, 0x62CB, 0xC5B5,
  0xBD96, 0x4A6A, 0x18A3, 0x20E4, 0x18E4, 0x18E3, 0x18E3, 0x18C3, 0x18C3, 0x18C3, 0x39E7, 0xAD13,
  0xA4F3, 0xA4D3, 0x8C31, 0x10C3, 0x0882, 0x1082, 0x1082, 0x1082, 0x1082, 0x0862, 0x3166, 0x9C92,
  0x5ACA, 0x0041, 0x1082, 0x10A2, 0x1082, 0x1082, 0x1082, 0x2105, 0x528C, 0x20E4, 0x18E4, 0x18E4,
  0x18E3, 0x18E3, 0x20E4, 0x20E4, 0x2904, 0x3144, 0x3965, 0x49C7, 0x5A49, 0x72EB, 0x838D, 0x93EF,
  0xA471, 0xAC92, 0xACB2, 0xACB2, 0xACB2, 0xACB2, 0xACD3, 0xBD34, 0xCDB6, 0xD638, 0xE69A, 0xF6DB,
  0xF71C, 0xF73D, 0xF73D, 0xEEFC, 0xEEFC, 0xEF1D, 0xF73E, 0xF77F, 0xF79F, 0xF79F, 0xEF9F, 0xEF9F,
  0xEF7F, 0xE77F, 0xEF7F, 0xEF7F, 0xEF9F, 0xF79F, 0xF7BF, 0xF7BF, 0xA572, 0xA572, 0xA572, 0xA572,
  0xAD73, 0xAD73, 0xAD73, 0xAD72, 0xAD73, 0xAD73, 0xAD93, 0xAD92, 0xAD92, 0xAD92, 0xADB2, 0xADB2,
  0xADB2, 0xB5B2, 0xB5D2, 0xB5B2, 0xB5D2, 0xB5D2, 0xB5D2, 0xB5D2, 0xB5D2, 0xC4AD, 0xC40B, 0xBBAA,
  0x92C8, 0x7A26, 0x8246, 0x8247, 0x8247, 0x7A47, 0x7206, 0x61A4, 0x7206, 0x6A06, 0x4123, 0x4985,
  0x49A5, 0x20C2, 0x1062, 0x1082, 0x18A2, 0x0862, 0x62CB, 0xC5B5, 0xBD76, 0x4A49, 0x18A3, 0x20E4,
  0x18E4, 0x18E4, 0x18C3, 0x18C3, 0x18C3, 0x1082, 0x2944, 0x9CB2, 0x9CB2, 0x9CB2, 0x83CF, 0x10A3,
  0x1082, 0x1082, 0x1082, 0x1082, 0x1082, 0x0862, 0x39C7, 0x9C92, 0x4A49, 0x0841, 0x10A3, 0x10A2,
  0x1082, 0x10A2, 0x1082, 0x18C4, 0x4A4B, 0x2104, 0x18E4, 0x18E4, 0x18E3, 0x18E3, 0x20E4, 0x2104,
  0x2924, 0x3145, 0x3986, 0x49C7, 0x5A69, 0x730C, 0x8B8E, 0x9410, 0xA471, 0xACB2, 0xACB2, 0xACB2,
  0xACB2, 0xA491, 0xACD2, 0xBD34, 0xC5B6, 0xD5F7, 0xDE59, 0xE69A, 0xE6DB, 0xE6DB, 0xDE7A, 0xCE19,
  0xD639, 0xDEBC, 0xE6FE, 0xEF3F, 0xEF7F, 0xEF9F, 0xEF9F, 0xEF9F, 0xE77F, 0xE77F, 0xE77F, 0xEF7F,
  0xEF7F, 0xEF7F, 0xEF7F, 0xF79F, 0xA573, 0xA573, 0xA573, 0xAD93, 0xAD93, 0xAD93, 0xAD93, 0xAD93,
  0xAD93, 0xAD93, 0xAD93, 0xADB3, 0xADB3, 0xADB3, 0xB5B3, 0xB5B2, 0xB5D2, 0xB5D2, 0xB5D3, 0xB5D2,
  0xB5D2, 0xB5D2, 0xBDD3, 0xB5F3, 0xBD91, 0xBC2B, 0xB389, 0xAB49, 0x9AE8, 0x8A67, 0x7A26, 0x8247,
  0x8247, 0x7A26, 0x7206, 0x61C5, 0x61A4, 0x5984, 0x5184, 0x61E6, 0x4984, 0x3103, 0x18A2, 0x18A2,
  0x18A2, 0x1062, 0x6B2C, 0xC5B5, 0xB534, 0x39A7, 0x18A3, 0x18E4, 0x18C3, 0x18C3, 0x18C3, 0x18C3,
  0x10A3, 0x10A3, 0x10A3, 0x2104, 0x2124, 0x2125, 0x18E4, 0x1062, 0x1082, 0x1082, 0x1082, 0x1082,
  0x1082, 0x1082, 0x41E7, 0x9C92, 0x41E8, 0x0021, 0x1082, 0x10A2, 0x1082, 0x1082, 0x1082, 0x18C4,
  0x39E9, 0x20E4, 0x18C4, 0x20C4, 0x18C3, 0x20C3, 0x20E4, 0x2104, 0x2924, 0x3945, 0x4186, 0x51E7,
  0x6269, 0x730B, 0x8B8E, 0x9C10, 0xA471, 0xACB2, 0xACD2, 0xACD2, 0xACD2, 0xA4B2, 0xACB2, 0xB513,
  0xC575, 0xC5B6, 0xCDD7, 0xD618, 0xCE18, 0xBDB7, 0xA4D4, 0x9CB3, 0xB598, 0xCE7C, 0xDEDE, 0xE73F,
  0xEF7F, 0xF79F, 0xEF9F, 0xEF9F, 0xE79F, 0xDF7F, 0xDF5F, 0xDF5F, 0xE73F, 0xDF3F, 0xE73F, 0xE73F,
  0xAD93, 0xAD93, 0xAD93, 0xAD93, 0xAD93, 0xADB3, 0xAD93, 0xAD93, 0xADB3, 0xADB3, 0xADB3, 0xB5B3,
  0xB5B3, 0xB5B3, 0xB5D3, 0xB5D3, 0xB5D3, 0xB5D3, 0xB5F3, 0xB5F3, 0xB5F3, 0xB5F3, 0xBDF3, 0xB613,
  0xBD50, 0xB3AA, 0xA328, 0x9AC7, 0x8A87, 0x8A67, 0x8246, 0x7A06, 0x7A46, 0x7A06, 0x71E5, 0x69C5,
  0x5963, 0x5164, 0x6206, 0x59A5, 0x4944, 0x3923, 0x20C2, 0x1082, 0x20E3, 0x1082, 0x734D, 0xC5D6,
  0xAD14, 0x3186, 0x10A2, 0x18E4, 0x18E3, 0x18E3, 0x18C3, 0x18C3, 0x18C3, 0x18C3, 0x18C3, 0x1082,
  0x0862, 0x0862, 0x1082, 0x1082, 0x1082, 0x1082, 0x1082, 0x1082, 0x10A2, 0x1082, 0x4A49, 0x9C71,
  0x31A6, 0x1082, 0x18C3, 0x1082, 0x1082, 0x1082, 0x1082, 0x10A3, 0x2967, 0x18E4, 0x18C4, 0x18C4,
  0x18C3, 0x20C3, 0x20E4, 0x2104, 0x2924, 0x3945, 0x4186, 0x51E7, 0x6269, 0x730C, 0x8BAE, 0x9C10,
  0xA471, 0xACB2, 0xACD2, 0xACD2, 0xACB2, 0xACB2, 0xA4B2, 0xACD2, 0xB513, 0xBD54, 0xBD75, 0xBD55,
  0xACF4, 0x9451, 0x83AF, 0x8C32, 0xB599, 0xCE9D, 0xDF1F, 0xEF7F, 0xF7BF, 0xF7DF, 0xF7DF, 0xEF9F,
  0xE77F, 0xDF5F, 0xD71F, 0xCEFF, 0xCEDF, 0xCEBF, 0xCEBF, 0xCEBF, 0xADB3, 0xADB3, 0xADB3, 0xADB3,
  0xADB3, 0xADB3, 0xADB3, 0xB5B3, 0xB5B4, 0xB5B4, 0xB5B4, 0xB5B4, 0xB5B4, 0xB5D3, 0xB5D4, 0xB5D3,
  0xB5F3, 0xB5F3, 0xB5F3, 0xB5F3, 0xB5F3, 0xBDF3, 0xBDF3, 0xBE13, 0xB530, 0xA349, 0x9AC7, 0x8A86,
  0x8A46, 0x8266, 0x8247, 0x7A06, 0x7206, 0x7A26, 0x71E5, 0x5964, 0x5163, 0x61E5, 0x5164, 0x4123,
  0x3923, 0x3903, 0x20C2, 0x18A2, 0x5A89, 0x5AAA, 0x5269, 0xB554, 0xACF3, 0x3145, 0x18C3, 0x18E3,
  0x10A2, 0x10A2, 0x1082, 0x1082, 0x1082, 0x1082, 0x10A2, 0x10A2, 0x1082, 0x1082, 0x1082, 0x1062,
  0x0862, 0x0862, 0x0862, 0x0882, 0x10A2, 0x1082, 0x41E8, 0x6B2C, 0x2965, 0x39A6, 0x2944, 0x0882,
  0x0862, 0x1082, 0x1082, 0x18C3, 0x2145, 0x18C4, 0x18C4, 0x18C3, 0x18C3, 0x18C3, 0x20C4, 0x2104,
  0x2924, 0x3144, 0x4186, 0x49E7, 0x6269, 0x732C, 0x8BAE, 0x9C30, 0xA491, 0xACB2, 0xACD2, 0xACB2,
  0xACB2, 0xACB2, 0xA491, 0xA491, 0xA4B2, 0xACB2, 0xACD2, 0xA491, 0x9C30, 0x8BEF, 0x83AF, 0x9473,
  0xBDFA, 0xD6DE, 0xE75F, 0xEF9F, 0xF7DF, 0xFFFF, 0xF7DF, 0xEF9F, 0xDF3F, 0xD6FF, 0xCEBF, 0xC67F,
  0xBE3F, 0xB5FF, 0xADDE, 0xB5FE, 0xADB4, 0xADB4, 0xADB4, 0xB5D4, 0xB5D4, 0xB5D4, 0xB5B4, 0xB5B4,
  0xB5D4, 0xB5D4, 0xB5D4, 0xB5D4, 0xB5D4, 0xB5D4, 0xB5F4, 0xB5F3, 0xB5F3, 0xB5F3, 0xBDF3, 0xBE13,
  0xBE13, 0xBE13, 0xBDF3, 0xBE34, 0xAD30, 0x8AC7, 0x8266, 0x8A46, 0x8246, 0x8246, 0x8246, 0x7A26,
  0x69C5, 0x69E5, 0x6184, 0x5943, 0x7227, 0x6A06, 0x5164, 0x4144, 0x4123, 0x3923, 0x20C2, 0x28E3,
  0x734C, 0x9C91, 0x7BAE, 0x734C, 0x734C, 0x6B0C, 0x7B8E, 0x62EA, 0x5248, 0x41E7, 0x3985, 0x3145,
  0x2924, 0x2904, 0x20E3, 0x20C3, 0x18C3, 0x18C3, 0x20C3, 0x20E3, 0x2104, 0x2124, 0x2925, 0x3165,
  0x39A6, 0x39A6, 0x3165, 0x2944, 0x31A5, 0x4207, 0x4228, 0x1904, 0x0862, 0x1082, 0x1082, 0x18E4,
  0x2125, 0x18C4, 0x18C4, 0x18C3, 0x18C3, 0x18C3, 0x20C3, 0x20E4, 0x2104, 0x3124, 0x3985, 0x49E7,
  0x6269, 0x732C, 0x8BAE, 0x9C30, 0xA471, 0xACB2, 0xACB2, 0xACB2, 0xACB2, 0xA491, 0xA491, 0xA471,
  0xA471, 0xA471, 0x9C50, 0x9C30, 0x940F, 0x8BCF, 0x83AF, 0x9CB4, 0xC63B, 0xDEFF, 0xEF7F, 0xF7BF,
  0xF7FF, 0xFFFF, 0xF7FF, 0xEFBF, 0xE77F, 0xDF3F, 0xD6FF, 0xCEBF, 0xBE5F, 0xB5FE, 0xA59D, 0xA57D,
  0xB5D4, 0xB5D4, 0xB5D4, 0xB5D4, 0xB5D4, 0xB5D4, 0xB5D4, 0xB5D4, 0xB5D4, 0xB5D4, 0xB5D4, 0xB5D4,
  0xB5F4, 0xB5F4, 0xB5F4, 0xB5F4, 0xB5F4, 0xB5F4, 0xB5F4, 0xBE13, 0xBE13, 0xBE13, 0xBE13, 0xBE13,
  0xBD92, 0x9B29, 0x7A05, 0x8205, 0x8246, 0x8246, 0x7A26, 0x7A06, 0x71E5, 0x6184, 0x6164, 0x7226,
  0x69E6, 0x5964, 0x5164, 0x4944, 0x4144, 0x4144, 0x30E3, 0x3124, 0x7B4C, 0x940F, 0x9C91, 0x8BCE,
  0x838D, 0x9C50, 0x9C50, 0x940F, 0x8BEF, 0x8BEF, 0x83CE, 0x7B8D, 0x7B6D, 0x734C, 0x6B2C, 0x6AEB,
  0x62AA, 0x5AAA, 0x5AAA, 0x5AAA, 0x5AA9, 0x5A89, 0x5289, 0x5269, 0x4A48, 0x4A28, 0x4207, 0x39E6,
  0x41E7, 0x4A49, 0x6B8E, 0x5B2C, 0x10A3, 0x0862, 0x10A3, 0x18E4, 0x18E4, 0x18C3, 0x18C3, 0x18C3,
  0x18C3, 0x18C3, 0x18C4, 0x18E4, 0x2104, 0x2924, 0x3165, 0x41C7, 0x5A69, 0x730C, 0x83AE, 0x9430,
  0xA491, 0xACB2, 0xACB2, 0xACB2, 0xA491, 0xA491, 0xA491, 0xA471, 0xA471, 0x9C50, 0x9C30, 0x940F,
  0x93EF, 0x8BCE, 0x83D0, 0x9D16, 0xC67C, 0xDF1F, 0xEF7F, 0xF7DF, 0xFFFF, 0xFFFF, 0xFFFF, 0xF7FF,
  0xEFBF, 0xEF9F, 0xE77F, 0xDF3F, 0xD6DF, 0xC67F, 0xB61E, 0xADDE, 0xB5D4, 0xB5D4, 0xB5D4, 0xB5D4,
  0xB5D4, 0xB5D4, 0xB5D4, 0xB5D4, 0xB5D4, 0xB5D4, 0xB5D4, 0xB5F4, 0xB5F4, 0xB5F4, 0xB5F4, 0xB5F4,
  0xB5F4, 0xB5F4, 0xB5F4, 0xBE13, 0xBE13, 0xBE13, 0xBE13, 0xBE13, 0xB5D2, 0x9B8B, 0x8A66, 0x7A05,
  0x7A05, 0x7A26, 0x7A26, 0x7A06, 0x69A5, 0x6184, 0x69C5, 0x61A4, 0x61A5, 0x5164, 0x4943, 0x4143,
  0x3923, 0x3923, 0x30E3, 0x3985, 0x7B4C, 0x83AD, 0x8BEE, 0x8C0F, 0x8BEE, 0x8BCE, 0x83AD, 0x7B6D,
  0x7B6D, 0x7B8D, 0x7B8D, 0x7B8D, 0x7B6D, 0x734C, 0x734C, 0x732C, 0x6AEB, 0x62CA, 0x5AAA, 0x5AA9,
  0x5268, 0x4A48, 0x4A28, 0x4207, 0x39E6, 0x39E6, 0x41E7, 0x41E7, 0x4207, 0x630D, 0x7411, 0x6BD0,
  0x39E9, 0x18C3, 0x18E4, 0x2104, 0x10C3, 0x10A3, 0x18A3, 0x18A3, 0x18A3, 0x18A3, 0x18C3, 0x18C4,
  0x18E4, 0x2125, 0x3166, 0x41C7, 0x5A69, 0x6B0C, 0x83AE, 0x9430, 0x9C71, 0xA4B2, 0xA4B2, 0xA4B2,
  0xA492, 0xA492, 0xA491, 0x9C71, 0x9C71, 0x9C50, 0x9430, 0x940F, 0x8BCF, 0x83AE, 0x83F1, 0xA557,
  0xCE9E, 0xDF3F, 0xEF9F, 0xF7FF, 0xFFFF, 0xFFFF, 0xFFFF, 0xFFFF, 0xF7DF, 0xF7BF, 0xEF9F, 0xE75F,
  0xDF1F, 0xD6FF, 0xCEBF, 0xBE7F, 0xB5D4, 0xB5D4, 0xB5D4, 0xB5D4, 0xB5D4, 0xB5D4, 0xB5D4, 0xB5D5,
  0xB5D4, 0xB5D4, 0xB5D4, 0xB5F4, 0xB5F4, 0xB5F4, 0xB5F4, 0xB5F4, 0xB5F4, 0xB5F4, 0xB5F4, 0xB614,
  0xBE14, 0xBE13, 0xBE13, 0xBE13, 0xBE34, 0x93CB, 0x8226, 0x8247, 0x8246, 0x7A05, 0x7A05, 0x71E5,
  0x6184, 0x7A46, 0x7206, 0x5143, 0x5164, 0x59A5, 0x4944, 0x3923, 0x3923, 0x3103, 0x3124, 0x41C6,
  0x732B, 0x83AD, 0x83AD, 0x838D, 0x7B8D, 0x7B6D, 0x734C, 0x734C, 0x732C, 0x732C, 0x6B0B, 0x6AEB,
  0x62CA, 0x62CA, 0x5AAA, 0x5A89, 0x5A89, 0x5269, 0x5248, 0x4A48, 0x4A28, 0x4207, 0x41E7, 0x41E7,
  0x39C6, 0x39C6, 0x39C6, 0x41E6, 0x4208, 0x6BAF, 0x7411, 0x63AF, 0x532D, 0x3A09, 0x2966, 0x2105,
  0x10C3, 0x10A3, 0x10A3, 0x10A3, 0x10A3, 0x10A3, 0x18C3, 0x18C3, 0x20E4, 0x2125, 0x3166, 0x39C8,
  0x526A, 0x6B0C, 0x83AE, 0x9430, 0x9C92, 0xA4B2, 0xA4B2, 0xA4B2, 0xA492, 0x9C92, 0x9C71, 0x9C71,
  0x9C51, 0x9431, 0x9410, 0x8BF0, 0x8BCF, 0x83AF, 0x8C32, 0xAD79, 0xCE7D, 0xDF3F, 0xEF9F, 0xF7DF,
  0xFFFF, 0xFFFF, 0xFFFF, 0xFFFF, 0xFFFF, 0xF7DF, 0xF7BF, 0xEF9F, 0xE75F, 0xDF3F, 0xD6FF, 0xCEBF,
  0xADB4, 0xB5B5, 0xB5D4, 0xB5D4, 0xB5D4, 0xB5D4, 0xB5D4, 0xB5D4, 0xB5D4, 0xB5D5, 0xB5D5, 0xB5D4,
  0xB5D4, 0xB5D4, 0xB5F4, 0xB5F4, 0xB5F4, 0xB5F4, 0xB5F4, 0xB5F4, 0xB5F4, 0xB613, 0xB613, 0xB613,
  0xBE34, 0xAD30, 0x7A67, 0x7A05, 0x7A46, 0x7A25, 0x71A4, 0x71C4, 0x7A06, 0x7A05, 0x69C5, 0x5984,
  0x4922, 0x4963, 0x5185, 0x4144, 0x3923, 0x3123, 0x62E9, 0x5AA8, 0x6AEA, 0x838D, 0x838D, 0x7B8D,
  0x7B6C, 0x734C, 0x732C, 0x732B, 0x6B0B, 0x6AEB, 0x6AEB, 0x62CA, 0x62AA, 0x62AA, 0x5AA9, 0x5A89,
  0x5269, 0x5248, 0x4A28, 0x4A07, 0x41E7, 0x41E7, 0x39C6, 0x39C6, 0x39A6, 0x39A6, 0x39A6, 0x39C6,
  0x528A, 0x7431, 0x6C11, 0x63AF, 0x532D, 0x426B, 0x29A7, 0x1905, 0x10C3, 0x10A3, 0x10A3, 0x10A3,
  0x10C3, 0x10C3, 0x10C3, 0x10C4, 0x18E4, 0x2125, 0x2966, 0x39C8, 0x526A, 0x6B2D, 0x7BAF, 0x9430,
  0x9C92, 0xA4B3, 0xA4B3, 0xA4B3, 0x9C92, 0x9C92, 0x9C72, 0x9451, 0x9451, 0x9431, 0x8C30, 0x8BF0,
  0x83CF, 0x83AF, 0x8C52, 0xAD79, 0xC65D, 0xDF1F, 0xEF7F, 0xF7DF, 0xFFFF, 0xFFFF, 0xFFFF, 0xFFFF,
  0xFFFF, 0xF7DF, 0xF7BF, 0xEF9F, 0xE75F, 0xDF3F, 0xD71F, 0xCEDF, 0xADB4, 0xADB4, 0xADD4, 0xADD4,
  0xB5D4, 0xB5D4, 0xB5D4, 0xB5D4, 0xB5D4, 0xB5D4, 0xB5D4, 0xB5D4, 0xB5D4, 0xB5D4, 0xB5D4, 0xB5D4,
  0xB5D4, 0xB5D4, 0xB5D4, 0xB5F4, 0xB5F4, 0xB5F3, 0xB5F3, 0xB5F3, 0xB5F3, 0xB5F3, 0x942D, 0x7A46,
  0x7A26, 0x7205, 0x71E5, 0x71E5, 0x71E5, 0x7205, 0x69C5, 0x61A4, 0x5184, 0x4123, 0x4143, 0x4984,
  0x4964, 0x734A, 0xB5D1, 0x842D, 0x6AEA, 0x7B8D, 0x7B6C, 0x7B6D, 0x734C, 0x6B2C, 0x6B0B, 0x6B0B,
  0x62EB, 0x62CA, 0x62CA, 0x5AAA, 0x5A89, 0x5A89, 0x5269, 0x5248, 0x4A28, 0x4A07, 0x4207, 0x41E7,
  0x39C6, 0x39C6, 0x39A6, 0x3185, 0x3185, 0x3185, 0x31A5, 0x39A6, 0x5AEC, 0x7C32, 0x6C11, 0x63AF,
  0x4B0D, 0x3A4B, 0x2987, 0x1904, 0x10C4, 0x10A3, 0x10A3, 0x10A3, 0x10C3, 0x10C3, 0x10C4, 0x1905,
  0x2147, 0x2968, 0x31C9, 0x422A, 0x5ACD, 0x736E, 0x83F0, 0x9452, 0x9CB3, 0xA4D3, 0xA4D4, 0xA4B3,
  0x9CB3, 0x9C92, 0x9472, 0x9452, 0x9451, 0x8C31, 0x8C10, 0x83F0, 0x83CF, 0x7BAF, 0x8C52, 0xA558,
  0xBE3D, 0xD6FF, 0xE77F, 0xF7DF, 0xFFFF, 0xFFFF, 0xFFFF, 0xFFFF, 0xF7DF, 0xF7BF, 0xEF9F, 0xEF7F,
  0xE75F, 0xDF1F, 0xD6FF, 0xC6BF, 0xADB4, 0xADB4, 0xADB4, 0xADB4, 0xADB4, 0xADB4, 0xADB4, 0xADB4,
  0xADB4, 0xADB4, 0xADB4, 0xADB4, 0xADB4, 0xADB4, 0xADB4, 0xADB4, 0xADB4, 0xADB4, 0xADB4, 0xADD3,
  0xADD3, 0xADD3, 0xADD3, 0xB5D3, 0xADD3, 0xADD3, 0xB5D3, 0x944D, 0x7247, 0x7A05, 0x7A46, 0x7205,
  0x69C4, 0x7206, 0x71E5, 0x61A5, 0x59A4, 0x4963, 0x3902, 0x49A5, 0x8C0C, 0xADD0, 0xADF0, 0xA52F,
  0x734B, 0x7B6C, 0x7B6C, 0x734C, 0x732C, 0x6AEB, 0x62CA, 0x5AAA, 0x5A89, 0x5269, 0x5269, 0x5248,
  0x5248, 0x4A28, 0x4A07, 0x41E7, 0x41E7, 0x41E7, 0x39C6, 0x39C6, 0x39A6, 0x3185, 0x3185, 0x3185,
  0x3185, 0x3185, 0x31A5, 0x39C6, 0x634D, 0x7432, 0x6BF1, 0x63AF, 0x4B0D, 0x3A6B, 0x2987, 0x1904,
  0x10C4, 0x10C4, 0x10C3, 0x10C3, 0x10A3, 0x18E4, 0x2968, 0x3A0B, 0x52AE, 0x6330, 0x6B71, 0x73B2,
  0x8413, 0x9494, 0xA4D5, 0xAD15, 0xB556, 0xB556, 0xB556, 0xB536, 0xAD15, 0xA4F5, 0xA4D4, 0xA4D4,
  0x9CB3, 0x9C93, 0x9472, 0x8C52, 0x8C32, 0x8C32, 0x8C94, 0xA558, 0xBE3C, 0xCEDF, 0xDF3F, 0xEF9F,
  0xF7DF, 0xF7DF, 0xF7DF, 0xF7BF, 0xEF9F, 0xEF7F, 0xE77F, 0xE73F, 0xDF1F, 0xCEDF, 0xC69F, 0xBE5E,
  0xAD94, 0xAD94, 0xAD94, 0xAD94, 0xAD94, 0xAD94, 0xAD94, 0xAD94, 0xAD94, 0xAD94, 0xAD94, 0xADB3,
  0xAD93, 0xAD93, 0xADB3, 0xADB3, 0xADB3, 0xADB3, 0xAD93, 0xADB3, 0xADB3, 0xADB3, 0xADB3, 0xADB3,
  0xADB3, 0xAD93, 0xADB3, 0xADB3, 0x942E, 0x7A67, 0x7A05, 0x7A25, 0x71E5, 0x7A05, 0x7A26, 0x7205,
  0x61C4, 0x5184, 0x59E5, 0x83EC, 0xADB1, 0xA590, 0xA590, 0xA58F, 0x83CD, 0x7B4C, 0x7B6C, 0x734C,
  0x6B0B, 0x62CA, 0x5A89, 0x5249, 0x4A28, 0x4207, 0x41E7, 0x41C7, 0x41C6, 0x39C6, 0x39A6, 0x39A6,
  0x39A6, 0x31A6, 0x3185, 0x3185, 0x3185, 0x3185, 0x3185, 0x3185, 0x3185, 0x3185, 0x3185, 0x4207,
  0x6BAF, 0x7432, 0x6BF1, 0x5B8F, 0x530D, 0x3A6B, 0x29A8, 0x1905, 0x10C4, 0x10C4, 0x10C3, 0x10A4,
  0x10C4, 0x2967, 0x422C, 0x630F, 0x73D2, 0x8C55, 0x9CB6, 0x9CF7, 0xAD38, 0xB578, 0xBDB9, 0xBDD9,
  0xC5FA, 0xC5FA, 0xC5F9, 0xBDD9, 0xBDB9, 0xB598, 0xB598, 0xB577, 0xAD77, 0xAD57, 0xA536, 0xA516,
  0xA516, 0xA516, 0xA536, 0xAD99, 0xBE3D, 0xCEBF, 0xDF1F, 0xE75F, 0xE77F, 0xE77F, 0xE77F, 0xE77F,
  0xE73F, 0xDF1F, 0xD6FF, 0xCEBF, 0xC67F, 0xBE1E, 0xADDE, 0xADDD, 0xA553, 0xA553, 0xA573, 0xA573,
  0xA573, 0xA573, 0xA573, 0xA573, 0xA573, 0xA573, 0xA573, 0xA593, 0xA593, 0xA593, 0xA593, 0xA593,
  0xA593, 0xA593, 0xA593, 0xA593, 0xA573, 0xA592, 0xA592, 0xA592, 0xA572, 0xA572, 0xA572, 0xA572,
  0xA592, 0x9CD0, 0x8B8C, 0x82E9, 0x82E9, 0x82E9, 0x82C9, 0x7AA8, 0x7AC9, 0x838B, 0x94CF, 0xA590,
  0xA570, 0x9D70, 0x9D6F, 0xA58F, 0x8C4E, 0x7B4C, 0x734C, 0x732B, 0x6AEA, 0x5AAA, 0x5A69, 0x5228,
  0x41E7, 0x39C6, 0x3186, 0x3165, 0x2945, 0x2945, 0x2965, 0x3165, 0x3185, 0x3185, 0x3185, 0x3185,
  0x3185, 0x3185, 0x31A6, 0x31A6, 0x3185, 0x3185, 0x3185, 0x4A69, 0x7431, 0x6C32, 0x6BF1, 0x5B8F,
  0x4B0D, 0x3A4B, 0x29A8, 0x1905, 0x10C4, 0x10C4, 0x10C3, 0x10A4, 0x2106, 0x39EB, 0x630F, 0x7BF3,
  0x94B6, 0xAD39, 0xB59A, 0xBDBB, 0xC5FB, 0xCE1B, 0xCE3C, 0xCE5C, 0xCE7C, 0xCE5C, 0xCE5C, 0xCE5B,
  0xCE3B, 0xC61B, 0xC61B, 0xC61A, 0xBDFA, 0xBDFA, 0xBDDA, 0xB5DA, 0xB5B9, 0xB5B9, 0xB5B9, 0xB5DB,
  0xBE3D, 0xCEBF, 0xD6FF, 0xDF1F, 0xDF1F, 0xDF1F, 0xDF3F, 0xD6FF, 0xCE9F, 0xBE3E, 0xADFE, 0xA5BD,
  0x9D5C, 0x951B, 0x951B, 0x951B, 0x9D53, 0xA553, 0xA553, 0xA553, 0xA553, 0xA553, 0xA553, 0xA553,
  0xA553, 0xA553, 0xA553, 0xA573, 0xA573, 0xA573, 0xA573, 0xA572, 0xA572, 0xA572, 0xA572, 0x9D72,
  0x9D52, 0x9D72, 0x9D72, 0x9D52, 0x9D51, 0x9D51, 0x9D51, 0x9D51, 0x9D51, 0x9D71, 0xA571, 0x9D10,
  0x94EF, 0x9510, 0x94AF, 0x94AF, 0x9510, 0x9D51, 0x9D71, 0x9550, 0x9D4F, 0x9D2F, 0x9D30, 0x9D4F,
  0x94CE, 0x736C, 0x732B, 0x732B, 0x6AEB, 0x62AA, 0x5249, 0x4A07, 0x39C6, 0x3185, 0x2924, 0x2104,
  0x41E7, 0x4A48, 0x4227, 0x4207, 0x39C6, 0x3165, 0x3185, 0x39A6, 0x39C6, 0x39E7, 0x39C7, 0x39C6,
  0x31A6, 0x3185, 0x3185, 0x5B2D, 0x7452, 0x6C31, 0x6BF1, 0x5B8F, 0x4B0D, 0x3A4B, 0x29A8, 0x1905,
  0x10C4, 0x10C4, 0x10C4, 0x10C4, 0x2968, 0x528E, 0x73B3, 0x94B7, 0xAD5A, 0xBDDC, 0xC63D, 0xCE5D,
  0xD67D, 0xD69D, 0xD69E, 0xDEBE, 0xDEBD, 0xDEBD, 0xDEBD, 0xDEBD, 0xD6BD, 0xD69D, 0xD69D, 0xD67C,
  0xCE7D, 0xCE7D, 0xCE5C, 0xCE5C, 0xC63C, 0xC63C, 0xC63C, 0xC61C, 0xC63D, 0xCE9E, 0xCEBF, 0xCEDF,
  0xCEDF, 0xD6FF, 0xCEDF, 0xC69E, 0xB5FD, 0x953A, 0x8CD9, 0x7C98, 0x7437, 0x6BF5, 0x6BF5, 0x6BF6,
  0x9D32, 0x9D33, 0x9532, 0x9D32, 0x9D32, 0x9D32, 0x9D32, 0x9D32, 0x9D33, 0x9D33, 0x9D32, 0x9D32,
  0x9D32, 0x9D32, 0x9D32, 0x9D32, 0x9D32, 0x9D32, 0x9D32, 0x9D32, 0x9532, 0x9D32, 0x9D32, 0x9D32,
  0x9D31, 0x9D31, 0x9531, 0x9D31, 0x9531, 0x9531, 0x9531, 0x9531, 0x9530, 0x9530, 0x9531, 0x9531,
  0x9530, 0x950F, 0x950F, 0x950F, 0x950F, 0x950F, 0x950F, 0x950F, 0x950F, 0x7BCC, 0x5AA9, 0x4A28,
  0x41E7, 0x3185, 0x3145, 0x2945, 0x2944, 0x2104, 0x2125, 0x73CC, 0xA572, 0x8CF0, 0x848E, 0x7C6E,
  0x740D, 0x5B0A, 0x39E7, 0x39C6, 0x39C6, 0x31A6, 0x2965, 0x2925, 0x2124, 0x2144, 0x4248, 0x6BF0,
  0x7432, 0x6C11, 0x63F0, 0x5B8F, 0x4B0D, 0x3A4B, 0x29A8, 0x1905, 0x10C4, 0x10C4, 0x10C4, 0x10C4,
  0x31A9, 0x62EF, 0x8455, 0xA539, 0xBDDB, 0xCE3D, 0xD67E, 0xD69F, 0xDEBF, 0xDEDF, 0xDEDF, 0xE6FF,
  0xE6FF, 0xE6FF, 0xE6FF, 0xE6FE, 0xDEFE, 0xDEDE, 0xDEDE, 0xDEDE, 0xDEDE, 0xDEBE, 0xDEBE, 0xDEBE,
  0xD69E, 0xD69E, 0xD69D, 0xCE7E, 0xC67E, 0xC67E, 0xC69E, 0xC69F, 0xC69F, 0xC67E, 0xBE3D, 0xADBC,
  0x8498, 0x6BD5, 0x6393, 0x5B52, 0x4AD0, 0x426E, 0x426E, 0x4A6F, 0x94F2, 0x94F2, 0x9512, 0x9512,
  0x9512, 0x9512, 0x9512, 0x9512, 0x9512, 0x9512, 0x9512, 0x9532, 0x9532, 0x9532, 0x9532, 0x9512,
  0x9512, 0x9512, 0x9512, 0x9512, 0x9511, 0x9512, 0x9511, 0x9511, 0x9511, 0x9511, 0x94F1, 0x94F1,
  0x9511, 0x8CF0, 0x94F0, 0x8CF0, 0x8CF0, 0x8CF0, 0x8CF0, 0x8CF0, 0x8CCF, 0x8CCF, 0x8CCF, 0x8CCF,
  0x8CCF, 0x84CE, 0x84CE, 0x84AE, 0x8CEE, 0x73CC, 0x3165, 0x18C3, 0x10A2, 0x10A2, 0x1082, 0x1082,
  0x1082, 0x18E3, 0x8C6E, 0xB634, 0x9551, 0x7C8E, 0x746E, 0x744E, 0x744F, 0x6BCD, 0x39C6, 0x18E3,
  0x10A2, 0x1082, 0x1082, 0x1082, 0x1082, 0x18C3, 0x5B2C, 0x7431, 0x6C11, 0x63F1, 0x63D0, 0x5B6E,
  0x4AED, 0x3A4B, 0x2987, 0x1905, 0x10C4, 0x10C4, 0x10C4, 0x10C4, 0x31A9, 0x6351, 0x9496, 0xAD7A,
  0xC61C, 0xCE7E, 0xD6BF, 0xDEDF, 0xDEDF, 0xDEFF, 0xE71F, 0xE71F, 0xE71F, 0xE71F, 0xE71F, 0xE71F,
  0xE71F, 0xDEFF, 0xDEFF, 0xDEFF, 0xDEFF, 0xDEFF, 0xDEFF, 0xDEDF, 0xDEDE, 0xDEDF, 0xD6BE, 0xD6BE,
  0xCE9E, 0xC67E, 0xBE5D, 0xB63D, 0xADDC, 0xAD9B, 0x9D1A, 0x7C15, 0x52F0, 0x4AAF, 0x4A8E, 0x424D,
  0x39EB, 0x39CB, 0x39CB, 0x39CB, 0x8CD2, 0x8CD2, 0x8CF1, 0x8CF2, 0x8CF2, 0x8CF2, 0x8CF2, 0x8CF2,
  0x8CF2, 0x8CF2, 0x8CF2, 0x8CF1, 0x8CF1, 0x8CF1, 0x8CF1, 0x8CF2, 0x8CF2, 0x8CF1, 0x8CF1, 0x8CF1,
  0x8CF1, 0x8CF1, 0x8CF1, 0x8CF1, 0x8CF1, 0x8CF1, 0x8CD1, 0x8CD0, 0x8CD0, 0x8CD0, 0x84D0, 0x84D0,
  0x84D0, 0x84CF, 0x84AF, 0x84AF, 0x84AF, 0x84AF, 0x84AF, 0x84AF, 0x84AF, 0x8CCF, 0x9510, 0x9510,
  0x9510, 0x4AA9, 0x18E3, 0x18A3, 0x18A3, 0x10A2, 0x1082, 0x1062, 0x0861, 0x0861, 0x8C90, 0xBE15,
  0xA532, 0x9CF0, 0x9CF0, 0x94F0, 0x94D0, 0x4A88, 0x18E2, 0x10A2, 0x1082, 0x1082, 0x1082, 0x1082,
  0x1082, 0x0862, 0x31A7, 0x7430, 0x7C51, 0x7410, 0x6BF0, 0x5B6F, 0x4ACC, 0x3209, 0x2967, 0x1905,
  0x10C4, 0x10C4, 0x10C4, 0x10C4, 0x31AA, 0x6351, 0x8C97, 0xAD9B, 0xC63D, 0xCE9E, 0xD6BF, 0xDEDF,
  0xDEFF, 0xDEFF, 0xE71F, 0xE71F, 0xE73F, 0xE73F, 0xE71F, 0xE71F, 0xE71F, 0xE71F, 0xE71F, 0xE71F,
  0xE71F, 0xE6FF, 0xE6FF, 0xDEFF, 0xDEFF, 0xDEFF, 0xDEDF, 0xD6BF, 0xCE9E, 0xC65D, 0xB5FD, 0x9D7A,
  0x8CD8, 0x8456, 0x73B4, 0x52F0, 0x4AAE, 0x4A8E, 0x4A6C, 0x39EA, 0x39CA, 0x31AA, 0x31AA, 0x31AA,
  0x84D1, 0x84D1, 0x84D1, 0x84D1, 0x8CD1, 0x8CD1, 0x8CD1, 0x8CD1, 0x84D1, 0x84D1, 0x8CD1, 0x8CD1,
  0x8CD1, 0x8CD1, 0x8CD1, 0x84D1, 0x84D1, 0x84D1, 0x84D1, 0x84D1, 0x84D1, 0x84D1, 0x84D1, 0x84B1,
  0x84B0, 0x84B0, 0x84B0, 0x84B0, 0x84AF, 0x84AF, 0x84AF, 0x84AF, 0x848F, 0x7C8F, 0x7C8F, 0x7C8F,
  0x7C6F, 0x7C6F, 0x7C6F, 0x7C6F, 0x8C6F, 0x9CB1, 0xA4D2, 0xB533, 0xA4F1, 0x6B2C, 0x5269, 0x4A28,
  0x4A28, 0x4A28, 0x41C8, 0x39A7, 0x3986, 0x2924, 0x62CB, 0xC5B5, 0xBD94, 0xBDB4, 0xC594, 0xBD94,
  0xB552, 0x5289, 0x31A6, 0x2104, 0x2104, 0x18E3, 0x18E3, 0x18E3, 0x18C3, 0x18E3, 0x18E3, 0x7BCE,
  0xAD33, 0x9CB2, 0x9491, 0x8430, 0x6B6E, 0x5AEC, 0x31A7, 0x18E4, 0x10C4, 0x10C4, 0x10C4, 0x10C4,
  0x31AA, 0x6331, 0x8C76, 0xAD5A, 0xBE1C, 0xCE7E, 0xD6BF, 0xD6BF, 0xDEDF, 0xDEDF, 0xDEFF, 0xDEFF,
  0xE71F, 0xE71F, 0xE71F, 0xDEFF, 0xDEFF, 0xDF1F, 0xDEFF, 0xDEFF, 0xDEFF, 0xDEFF, 0xDEFF, 0xDEFF,
  0xDEFF, 0xDEFF, 0xD6DF, 0xD6BF, 0xCE7E, 0xBE3D, 0xA59B, 0x8CF8, 0x7415, 0x6372, 0x52EF, 0x4A8E,
  0x426D, 0x424D, 0x39EB, 0x31A9, 0x3189, 0x3189, 0x3189, 0x3189, 0x7C91, 0x84B1, 0x84B1, 0x84B1,
  0x84B1, 0x84B1, 0x84B1, 0x84B1, 0x84B1, 0x84B1, 0x84B1, 0x84B1, 0x84B1, 0x84B1, 0x84B1, 0x84B0,
  0x84B1, 0x84B1, 0x84B1, 0x7C90, 0x7C90, 0x7C90, 0x7C90, 0x7C90, 0x7C90, 0x7C90, 0x7C90, 0x7C6F,
  0x7C8F, 0x7C6F, 0x7C6F, 0x7C6F, 0x7C6F, 0x7C6F, 0x7C6F, 0x7C4F, 0x7C4E, 0x744E, 0x744E, 0x7C4F,
  0x9450, 0x942F, 0x8C2F, 0x9430, 0x9450, 0x9C71, 0x9C91, 0x9C91, 0xA491, 0xA4B2, 0xA491, 0x9C91,
  0x9C91, 0x9C91, 0x9451, 0x9451, 0x9451, 0x9450, 0x9430, 0x9430, 0x8C10, 0x83EF, 0x7BCE, 0x738D,
  0x738D, 0x736D, 0x6B4D, 0x6B4C, 0x632C, 0x630C, 0x62EB, 0x6B0C, 0x6B4C, 0x632C, 0x630B, 0x62EB,
  0x62EB, 0x738E, 0x4A6A, 0x10C4, 0x10C4, 0x10C4, 0x10C4, 0x18C4, 0x31AA, 0x6311, 0x8C76, 0xA55A,
  0xBDFC, 0xCE5E, 0xCE9F, 0xD6BF, 0xD6BF, 0xDEDF, 0xDEDF, 0xDEFF, 0xDEFF, 0xDEFF, 0xDEFF, 0xDEFF,
  0xDEFF, 0xDEFF, 0xDEFF, 0xDEFF, 0xDEFF, 0xDEDF, 0xDEDF, 0xDEDF, 0xDEDF, 0xD6DF, 0xD6BF, 0xCE9E,
  0xC65E, 0xB5FD, 0xA57B, 0x84B8, 0x6C16, 0x5B32, 0x4A8D, 0x422C, 0x420B, 0x39CA, 0x31A9, 0x3189,
  0x3189, 0x3189, 0x31A9, 0x3189, 0x7C70, 0x7C90, 0x7C90, 0x7C90, 0x7C90, 0x7C90, 0x7C90, 0x7C90,
  0x7C90, 0x7C90, 0x7C90, 0x7C90, 0x7C90, 0x7C90, 0x7C90, 0x7C70, 0x7C90, 0x7C90, 0x7C70, 0x7C70,
  0x7C70, 0x7C70, 0x7C70, 0x7C6F, 0x7C6F, 0x7C6F, 0x7C6F, 0x7C4F, 0x7C4F, 0x744E, 0x744E, 0x744E,
  0x744F, 0x742E, 0x742F, 0x742F, 0x742E, 0x742E, 0x740E, 0x7C4F, 0x9470, 0x9450, 0x9450, 0x9450,
  0x9450, 0x9430, 0x9430, 0x9430, 0x9C50, 0x9C71, 0x9C71, 0x9C71, 0x9C71, 0x9C71, 0x9451, 0x9450,
  0x9430, 0x8C10, 0x8C0F, 0x8C0F, 0x8BEF, 0x83EF, 0x83CF, 0x7BAE, 0x7B8E, 0x7B8D, 0x736D, 0x734D,
  0x734C, 0x6B0C, 0x6B0B, 0x5ACB, 0x5AAA, 0x52AA, 0x5289, 0x5289, 0x5289, 0x630C, 0x4A8A, 0x18E4,
  0x10C4, 0x10C4, 0x10C4, 0x10C4, 0x3189, 0x5B10, 0x8436, 0xA539, 0xB5DC, 0xC63D, 0xCE7E, 0xCE9F,
  0xD69F, 0xD6BF, 0xD6BF, 0xDEDF, 0xDEDF, 0xDEDF, 0xDEDF, 0xDEDF, 0xDEDF, 0xDEDF, 0xDEDF, 0xDEDF,
  0xDEDF, 0xDEDF, 0xD6BF, 0xD6BF, 0xD6BF, 0xD6BE, 0xD6BF, 0xCE7E, 0xBE3D, 0xADDC, 0x9D5A, 0x7CD9,
  0x6C58, 0x5BB5, 0x5312, 0x4A8F, 0x424D, 0x3A0C, 0x31CB, 0x31AA, 0x31AA, 0x3189, 0x3189, 0x3189,
  0x7450, 0x7450, 0x7450, 0x7450, 0x7450, 0x7C70, 0x7450, 0x7450, 0x7C70, 0x7C70, 0x7C70, 0x7C50,
  0x7C50, 0x7C50, 0x7C50, 0x7450, 0x7450, 0x744F, 0x744F, 0x744F, 0x744F, 0x744F, 0x744F, 0x744F,
  0x744F, 0x744F, 0x742F, 0x742F, 0x742F, 0x742F, 0x742F, 0x6C0E, 0x740E, 0x740E, 0x740E, 0x740E,
  0x6C0E, 0x6BEE, 0x6BEE, 0x7C2F, 0x9470, 0x9430, 0x9430, 0x9450, 0x9450, 0x9450, 0x9C50, 0x9C50,
  0x9C71, 0x9C71, 0x9C71, 0x9C71, 0x9C71, 0x9C71, 0x9451, 0x9450, 0x9430, 0x8C30, 0x8C10, 0x8C0F,
  0x8BEF, 0x83EF, 0x83CF, 0x7BAE, 0x7B8E, 0x7B8D, 0x736D, 0x734C, 0x6B2C, 0x6B0C, 0x630B, 0x62EB,
  0x5ACA, 0x5AAA, 0x52AA, 0x52AA, 0x52AA, 0x630B, 0x52CB, 0x18E4, 0x10C4, 0x10C4, 0x10C4, 0x10C4,
  0x3189, 0x5AF0, 0x8415, 0x9CF9, 0xB59B, 0xBE1D, 0xC65E, 0xCE5E, 0xCE7E, 0xCE9E, 0xD69F, 0xD6BF,
  0xD6BF, 0xD6BF, 0xD6BF, 0xD6BF, 0xD6BE, 0xD6BE, 0xD6BE, 0xD6BE, 0xD6BF, 0xD6BF, 0xD69E, 0xD69E,
  0xD69E, 0xD69E, 0xCE7E, 0xC65D, 0xBE1D, 0xADDC, 0x9D9C, 0x853B, 0x74FB, 0x6CBB, 0x645A, 0x5BF8,
  0x5396, 0x4B34, 0x4B14, 0x42F3, 0x4291, 0x424F, 0x3A2E, 0x39ED, 0x742F, 0x742F, 0x742F, 0x742F,
  0x742F, 0x742F, 0x742F, 0x742F, 0x742F, 0x7450, 0x744F, 0x742F, 0x742F, 0x742F, 0x742F, 0x742F,
  0x742F, 0x742F, 0x742F, 0x742F, 0x742F, 0x742F, 0x742F, 0x742F, 0x742F, 0x6C0F, 0x6C0E, 0x6C0E,
  0x6C0E, 0x6C0E, 0x6C0E, 0x6BEE, 0x6BEE, 0x6BCD, 0x63CD, 0x63CD, 0x63CD, 0x6BCD, 0x6BEE, 0x8C70,
  0x9470, 0x9430, 0x9450, 0x9450, 0x9450, 0x9C51, 0x9C51, 0x9C71, 0x9C71, 0x9C71, 0x9C71, 0x9C71,
  0x9C71, 0x9C71, 0x9C51, 0x9451, 0x9430, 0x9430, 0x8C30, 0x8C10, 0x8BEF, 0x83EF, 0x83CF, 0x83CE,
  0x7BAE, 0x7B8E, 0x7B8D, 0x736D, 0x734C, 0x6B2C, 0x6B0C, 0x62EB, 0x5AEB, 0x5ACA, 0x5ACA, 0x52AA,
  0x52AA, 0x630B, 0x5AEC, 0x18E4, 0x10A3, 0x10C4, 0x18C4, 0x18E4, 0x2969, 0x5ACF, 0x7BF4, 0x9CD8,
  0xAD7A, 0xBDFC, 0xC63D, 0xC65E, 0xCE5E, 0xCE7E, 0xCE7E, 0xD69E, 0xD69E, 0xD69E, 0xD69E, 0xD69E,
  0xD69E, 0xD69E, 0xD69E, 0xD69E, 0xD69E, 0xD69E, 0xCE7E, 0xCE7E, 0xCE7E, 0xCE7E, 0xC65D, 0xC63D,
  0xBE1D, 0xADFE, 0x9DFE, 0x8DDE, 0x85BF, 0x7DBF, 0x7D9F, 0x757F, 0x6D1E, 0x64DD, 0x5CBD, 0x5C9C,
  0x545B, 0x543A, 0x4BD9, 0x4B77, 0x6C0F, 0x6C0F, 0x6C0F, 0x6C0F, 0x6C0F, 0x6C0F, 0x6C0F, 0x6C0F,
  0x6C0F, 0x6C0F, 0x6C0F, 0x6C0F, 0x6C0F, 0x6C0E, 0x6C0E, 0x6C0F, 0x6C0F, 0x6C0F, 0x6C0F, 0x6C0F,
  0x6C0F, 0x6C0F, 0x6C0F, 0x6BEE, 0x6BEE, 0x6BEE, 0x6BEE, 0x6BEE, 0x6BEE, 0x6BEE, 0x63CD, 0x63CD,
  0x73EE, 0x7C2F, 0x8C91, 0x94D1, 0x9D12, 0xA553, 0xB594, 0xAD32, 0x9C91, 0x9C70, 0x9470, 0x9C70,
  0x9C70, 0x9C71, 0x9C71, 0x9C71, 0x9C71, 0x9C91, 0x9C91, 0x9C91, 0x9C91, 0x9C71, 0x9C71, 0x9C71,
  0x9450, 0x9450, 0x9430, 0x8C30, 0x8C0F, 0x8BEF, 0x83EF, 0x83CF, 0x83CE, 0x7BAE, 0x7B8D, 0x7B6D,
  0x734D, 0x732C, 0x6B2C, 0x630B, 0x630B, 0x5AEB, 0x5AEA, 0x5ACA, 0x5ACA, 0x630C, 0x632C, 0x31A7,
  0x2125, 0x18E4, 0x10A3, 0x10A4, 0x2968, 0x52AF, 0x7BD4, 0x94B7, 0xAD5A, 0xB5BB, 0xBE1D, 0xC61D,
  0xC63D, 0xC65D, 0xCE5D, 0xCE7E, 0xCE7E, 0xCE7E, 0xCE7E, 0xCE7E, 0xCE7E, 0xCE7D, 0xCE7D, 0xCE5D,
  0xCE5D, 0xCE5D, 0xCE5D, 0xCE5D, 0xCE5D, 0xC65D, 0xC63D, 0xBE3D, 0xB63D, 0xB63E, 0xA63F, 0x9E5F,
  0x965F, 0x963F, 0x8E3F, 0x861F, 0x7DFF, 0x7DDF, 0x75DF, 0x75BF, 0x75BF, 0x6D9F, 0x6D5F, 0x653E,
  0x6BEF, 0x6BEF, 0x6BEE, 0x6BEE, 0x6BEE, 0x6BEE, 0x6BEE, 0x6BEE, 0x6C0E, 0x6C0E, 0x6BEE, 0x6BEE,
  0x6BEE, 0x6BEE, 0x6BEE, 0x6BEE, 0x6BEE, 0x6BEE, 0x6BEE, 0x6BEE, 0x6BEE, 0x6BEE, 0x63EE, 0x63CE,
  0x63CE, 0x63CE, 0x63CE, 0x63CD, 0x63CD, 0x63AD, 0x742F, 0xA533, 0xC5F5, 0xD636, 0xD656, 0xD637,
  0xD616, 0xD616, 0xCDF6, 0xBD95, 0xB533, 0xAD13, 0xACF2, 0xA4F2, 0xA4D2, 0xA4D2, 0xA4D2, 0xA4B2,
  0xA4B2, 0xA4B2, 0xA4B2, 0xA4B2, 0xA4B2, 0xA4B2, 0xA492, 0xA491, 0x9C91, 0x9C71, 0x9471, 0x9470,
  0x9450, 0x9450, 0x9430, 0x8C10, 0x8BEF, 0x83EF, 0x83CF, 0x83CE, 0x7BAE, 0x7B8E, 0x7B8D, 0x736D,
  0x734D, 0x734C, 0x734C, 0x734C, 0x734C, 0x738D, 0x840F, 0x8C30, 0x8C0F, 0x7BAE, 0x5ACB, 0x39E8,
  0x29A9, 0x4A6E, 0x73B3, 0x9497, 0xA539, 0xB5BB, 0xBDFC, 0xBE1C, 0xBE1C, 0xC63D, 0xC63D, 0xCE5D,
  0xCE5D, 0xCE5D, 0xCE5D, 0xCE5D, 0xCE5D, 0xCE5D, 0xC63D, 0xC63D, 0xC63D, 0xC63D, 0xC63D, 0xC63D,
  0xC63D, 0xC63C, 0xC63C, 0xBE1D, 0xB63E, 0xB63E, 0xAE5F, 0xA67F, 0xA69F, 0xA69F, 0x9E9F, 0x967F,
  0x963F, 0x8E3F, 0x8E5F, 0x8E5F, 0x8E3F, 0x8E3F, 0x861F, 0x85FF, 0x63CE, 0x63CE, 0x63CE, 0x63CE,
  0x63CE, 0x63CE, 0x63CE, 0x6BCE, 0x6BCE, 0x6BCE, 0x6BEE, 0x6BEE, 0x63CE, 0x63CE, 0x63CE, 0x63CE,
  0x63CE, 0x63CE, 0x63CE, 0x63CE, 0x63CE, 0x63CE, 0x63CE, 0x63CE, 0x63AE, 0x63AE, 0x63AD, 0x63AD,
  0x5B8D, 0x8450, 0xD636, 0xE6B8, 0xE698, 0xDE57, 0xD616, 0xCDF6, 0xC5D6, 0xC5B5, 0xC595, 0xBDB5,
  0xBD94, 0xBD74, 0xBD74, 0xBD54, 0xBD54, 0xB554, 0xB554, 0xB554, 0xB554, 0xB554, 0xB534, 0xB534,
  0xB534, 0xB534, 0xAD34, 0xAD14, 0xAD13, 0xAD13, 0xACF3, 0xA4F3, 0xA4D2, 0xA4D2, 0xA4D2, 0xA4B2,
  0x9CB1, 0x9CB1, 0x9C92, 0x9C91, 0x9C91, 0x9C71, 0x9C71, 0x9471, 0x9451, 0x9451, 0x9451, 0x9451,
  0x9471, 0x9C91, 0x9C92, 0xA4B2, 0xA4D3, 0xA4F3, 0xAD34, 0xB576, 0xAD56, 0x8434, 0x7393, 0x8C76,
  0xA519, 0xB59B, 0xB5DC, 0xBDFC, 0xBDFC, 0xBE1C, 0xC61D, 0xC63D, 0xC63D, 0xC63D, 0xC63D, 0xC63C,
  0xC63C, 0xC63C, 0xC61C, 0xC61C, 0xC61C, 0xC61C, 0xC61C, 0xC61C, 0xC61C, 0xBE1C, 0xBDFC, 0xBDFC,
  0xB61D, 0xB63E, 0xAE5F, 0xA67F, 0xA69F, 0xA6BF, 0xA69F, 0x9E9F, 0x967F, 0x965F, 0x967F, 0x967F,
  0x969F, 0x967F, 0x967F, 0x967F, 0x63AE, 0x63AE, 0x63AE, 0x63AE, 0x63AE, 0x63AE, 0x63AE, 0x63AE,
  0x63AE, 0x63AE, 0x63AE, 0x63AE, 0x63AE, 0x63AE, 0x63AE, 0x63AE, 0x63AE, 0x63AE, 0x63AE, 0x63AE,
  0x63AE, 0x5BAE, 0x5BAD, 0x63AD, 0x638D, 0x5B8D, 0x5B8D, 0x5B8D, 0x63AD, 0xC5F6, 0xE698, 0xE698,
  0xE698, 0xE698, 0xE698, 0xDE98, 0xE698, 0xE698, 0xE699, 0xE6B9, 0xE6DA, 0xEF1A, 0xE6DA, 0xDE99,
  0xDE78, 0xDE78, 0xDE58, 0xD658, 0xD658, 0xD658, 0xD638, 0xD637, 0xD638, 0xD637, 0xD617, 0xCE17,
  0xCE17, 0xCDF7, 0xCDF7, 0xCDD7, 0xC5B6, 0xC596, 0xBD95, 0xBD75, 0xB554, 0xB534, 0xAD13, 0xAD13,
  0xA4F3, 0xA4D2, 0xA4B2, 0xA4B2, 0xA4B2, 0x9CB2, 0x9C92, 0x9C92, 0x9C92, 0x9C92, 0x9C91, 0x9C92,
  0x9C91, 0x9C92, 0x9CB2, 0xA4D4, 0xC5F8, 0xDEDC, 0x9CF7, 0x8456, 0xA519, 0xAD7A, 0xB5BB, 0xBDDC,
  0xBDFC, 0xBDFC, 0xC61C, 0xC61D, 0xC63C, 0xC61C, 0xC61C, 0xC61C, 0xC61C, 0xC61C, 0xBDFC, 0xBDFC,
  0xBDFB, 0xBDFB, 0xBDFB, 0xBDFB, 0xBDFB, 0xBDDB, 0xB5DB, 0xB5DB, 0xB5DC, 0xAE1D, 0xAE3F, 0xA65F,
  0xAE9F, 0xA69F, 0xA69F, 0x9E7F, 0x9E7F, 0x967F, 0x967F, 0x9E9F, 0x9E9F, 0x9E9F, 0x9E9F, 0x9E9F,
  0x638D, 0x638D, 0x638D, 0x638D, 0x638D, 0x638D, 0x638D, 0x638D, 0x638D, 0x638D, 0x638D, 0x638D,
  0x638D, 0x5B8D, 0x5B8D, 0x5B8D, 0x5B8D, 0x5B8D, 0x5B8D, 0x5B8D, 0x5B8D, 0x5B8D, 0x5B8D, 0x5B8D,
  0x5B8D, 0x5B6D, 0x5B6D, 0x534C, 0x73EE, 0xD637, 0xDE37, 0xDE58, 0xDE78, 0xE678, 0xE699, 0xE6B9,
  0xE6B9, 0xE6B9, 0xEED9, 0xEEDA, 0xF75C, 0xFF7D, 0xFF5C, 0xEEFA, 0xEEDA, 0xEEDA, 0xE6B9, 0xE6B9,
  0xE699, 0xE699, 0xE699, 0xDE79, 0xDE79, 0xDE79, 0xDE79, 0xDE78, 0xDE78, 0xDE58, 0xDE58, 0xDE58,
  0xD638, 0xD638, 0xD617, 0xCDF7, 0xC5D6, 0xC5B5, 0xBD75, 0xB555, 0xAD34, 0xACF3, 0xA4F3, 0xA4F3,
  0xA4D3, 0xA4D3, 0xA4D2, 0xA4D2, 0xA4D2, 0xA4D2, 0xA4D2, 0x9CB2, 0x9C92, 0x9C91, 0x9C91, 0x8C50,
  0x9CD3, 0xC619, 0xB59A, 0x8456, 0x9CF8, 0xAD7A, 0xB5BB, 0xB5DB, 0xBDDC, 0xBDFC, 0xBDFC, 0xBE1C,
  0xC61C, 0xC61C, 0xC61C, 0xC61C, 0xBDFC, 0xBDFC, 0xBDFC, 0xBDDB, 0xBDDB, 0xBDDB, 0xBDDB, 0xBDDB,
  0xB5BB, 0xB5BB, 0xB59A, 0xB59A, 0xADBB, 0xADBC, 0xA5FE, 0xA63F, 0xA65F, 0x9E3F, 0x963F, 0x963F,
  0x963F, 0x965F, 0x965F, 0x967F, 0x9E9F, 0x9E9F, 0x9E9F, 0x9E9F, 0x5B6D, 0x5B6D, 0x5B6D, 0x5B6D,
  0x5B6D, 0x5B6D, 0x5B6D, 0x5B6D, 0x5B6D, 0x5B6D, 0x5B6D, 0x5B6D, 0x5B6D, 0x5B8D, 0x5B6D, 0x5B8D,
  0x5B6D, 0x5B6D, 0x5B6D, 0x5B6D, 0x5B6D, 0x5B6D, 0x5B6D, 0x5B6D, 0x5B6D, 0x5B4C, 0x5B4C, 0x532C,
  0x7C2F, 0xCDF6, 0xD5F6, 0xD616, 0xD617, 0xD637, 0xDE37, 0xDE37, 0xDE58, 0xDE58, 0xDE58, 0xDE58,
  0xDE58, 0xDE58, 0xDE58, 0xDE78, 0xDE78, 0xDE78, 0xDE78, 0xDE78, 0xDE58, 0xDE78, 0xDE78, 0xDE58,
  0xDE58, 0xDE58, 0xDE79, 0xDE79, 0xDE79, 0xDE78, 0xDE58, 0xD638, 0xD658, 0xD638, 0xCE17, 0xCDF7,
  0xC5D6, 0xC5B6, 0xBD96, 0xBD95, 0xB575, 0xB554, 0xAD34, 0xAD34, 0xAD14, 0xAD13, 0xACF3, 0xA4F3,
  0xA4F3, 0xA4D2, 0xA4D2, 0x9CB2, 0x9CB1, 0x9491, 0x9491, 0x9491, 0x9492, 0xAD36, 0xA538, 0x8CB7,
  0x9CF8, 0xAD7A, 0xB5BC, 0xB5DC, 0xBDDC, 0xBDFC, 0xBDFC, 0xBE1C, 0xC61C, 0xC61C, 0xC61C, 0xBDFC,
  0xBDFC, 0xBDFC, 0xBDFC, 0xBDDB, 0xBDDB, 0xB5BB, 0xB5BB, 0xB5BB, 0xB59A, 0xB59A, 0xAD59, 0xAD59,
  0xAD59, 0xA55A, 0x9D7B, 0x9D9C, 0x8D7D, 0x857D, 0x757E, 0x757F, 0x759F, 0x7DBF, 0x7DDF, 0x85FF,
  0x8E3F, 0x8E5F, 0x965F, 0x965F, 0x5B4C, 0x5B4C, 0x5B4C, 0x5B4C, 0x5B4C, 0x5B4D, 0x5B4D, 0x5B4C,
  0x5B4C, 0x5B4C, 0x5B4C, 0x5B4C, 0x5B6D, 0x5B8D, 0x5B8D, 0x5B8D, 0x5B6D, 0x5B6D, 0x5B6D, 0x5B6D,
  0x5B6D, 0x5B6D, 0x5B8E, 0x5B8E, 0x5B8D, 0x5B6D, 0x5B6D, 0x5B6D, 0xAD54, 0xD637, 0xCDF6, 0xCDF6,
  0xD617, 0xD637, 0xD617, 0xD617, 0xD617, 0xD5F6, 0xD5F6, 0xD5F6, 0xD5F7, 0xCDF7, 0xCE17, 0xD617,
  0xD617, 0xD638, 0xDE79, 0xDE58, 0xD617, 0xCE17, 0xCDF7, 0xCDF7, 0xCDF7, 0xCDD6, 0xCDD6, 0xCDD6,
  0xCDD6, 0xC5D6, 0xC5B6, 0xC5B6, 0xC5D6, 0xC5B6, 0xC596, 0xBD96, 0xBD96, 0xBD75, 0xB555, 0xB554,
  0xB534, 0xAD34, 0xAD13, 0xAD13, 0xACF3, 0xA4F3, 0xA4F3, 0xA4D2, 0x9CB2, 0x9CB2, 0x9C91, 0x9C91,
  0x9C91, 0x9491, 0x9470, 0x9470, 0x9491, 0xAD35, 0xAD58, 0x9CF7, 0x9D19, 0xAD9B, 0xB5DC, 0xB5DC,
  0xBDFC, 0xBDFC, 0xBDFC, 0xBE1C, 0xC61C, 0xC61C, 0xC61C, 0xC61C, 0xC61C, 0xBDFC, 0xBDFC, 0xBDDB,
  0xBDDB, 0xB5BB, 0xB5BB, 0xB59A, 0xB59A, 0xAD7A, 0xA539, 0xA518, 0x9CF8, 0x94D8, 0x8C97, 0x7C78,
  0x6C17, 0x63D6, 0x5BD6, 0x5BD7, 0x5C19, 0x5C5B, 0x5CBC, 0x64FD, 0x653E, 0x6D7F, 0x75BF, 0x7DDF,
  0x532C, 0x532C, 0x532C, 0x532C, 0x532C, 0x532C, 0x532C, 0x532C, 0x532C, 0x532C, 0x532C, 0x5B6D,
  0x6BCE, 0x7450, 0x7C51, 0x7450, 0x6C10, 0x6BEF, 0x6BEF, 0x63CF, 0x6C0F, 0x7471, 0x7C91, 0x7C92,
  0x7C71, 0x7430, 0x6C10, 0x6BEF, 0xAD54, 0xC5F6, 0xC5F6, 0xCDD6, 0xCDD6, 0xCDF6, 0xD617, 0xD637,
  0xD617, 0xD617, 0xD617, 0xD617, 0xD617, 0xD617, 0xD637, 0xCE17, 0xCDF7, 0xD617, 0xD638, 0xD658,
  0xCDF7, 0xC5D6, 0xC5D6, 0xC5B6, 0xC5B6, 0xC5B6, 0xC5B6, 0xBDB6, 0xBD96, 0xBD95, 0xBD95, 0xBD75,
  0xBD75, 0xB575, 0xB575, 0xB575, 0xB554, 0xB554, 0xB534, 0xAD14, 0xAD13, 0xACF3, 0xACF3, 0xA4F3,
  0xA4F2, 0xA4D2, 0xA4D2, 0x9CD2, 0x9CB1, 0x9CB1, 0x9CB1, 0x9CB1, 0x9C91, 0x9491, 0x9491, 0x9491,
  0x9491, 0xA4F4, 0xA4F5, 0xA517, 0xA55A, 0xB5BB, 0xB5DC, 0xBDFC, 0xBE1C, 0xBE1C, 0xBE1D, 0xC61D,
  0xC63D, 0xC63D, 0xC61C, 0xC61C, 0xC61C, 0xBE1C, 0xBDFC, 0xBDFC, 0xBDDB, 0xB5BB, 0xB5BB, 0xB59A,
  0xB59A, 0xAD59, 0xA539, 0x9CF8, 0x94B7, 0x8456, 0x73D4, 0x6393, 0x5B31, 0x52D0, 0x4A8E, 0x424E,
  0x424E, 0x4270, 0x42B1, 0x4B13, 0x4B76, 0x4BB8, 0x543A, 0x547C, 0x4AEB, 0x52EB, 0x52EB, 0x52EB,
  0x52EB, 0x52EB, 0x52EB, 0x530B, 0x530B, 0x52EB, 0x530C, 0x6BEF, 0x8491, 0x84D2, 0x8CF3, 0x8CF3,
  0x8CF3, 0x84B2, 0x7450, 0x7451, 0x84D2, 0x8D14, 0x8D14, 0x8CF3, 0x8D13, 0x8CF3, 0x7C72, 0x7430,
  0xB554, 0xC5F6, 0xC5D6, 0xBD95, 0xB574, 0xBD74, 0xBD74, 0xC574, 0xC595, 0xC595, 0xC5B5, 0xCDD6,
  0xCDD6, 0xCDF6, 0xCDF7, 0xCDF6, 0xCDF6, 0xCDF7, 0xCE17, 0xD617, 0xCDF6, 0xC5D6, 0xC5B6, 0xBDB5,
  0xBD95, 0xBD95, 0xC5B6, 0xBDB5, 0xC5B6, 0xBD95, 0xBD95, 0xBD75, 0xBD75, 0xB575, 0xB554, 0xB554,
  0xB554, 0xB533, 0xAD14, 0xAD13, 0xACF3, 0xACF3, 0xACF3, 0xA4D2, 0xA4D2, 0xA4D2, 0xA4D2, 0x9CB2,
  0x9CB1, 0x9CB1, 0x9C90, 0x9490, 0x9490, 0x9470, 0x9470, 0x9490, 0x9CB2, 0x9CD2, 0xA4F3, 0xAD57,
  0xAD7A, 0xB5DC, 0xBDFD, 0xBE1D, 0xC61D, 0xC63D, 0xC63D, 0xC63D, 0xC63D, 0xC63D, 0xC63D, 0xC63D,
  0xC61D, 0xC61C, 0xC61C, 0xBDFC, 0xBDFC, 0xBDDB, 0xBDDB, 0xB5BB, 0xB5BB, 0xB59A, 0xAD59, 0xA518,
  0x9CD7, 0x8C96, 0x7BF4, 0x6B92, 0x6330, 0x5ACF, 0x52AE, 0x4A6E, 0x424D, 0x3A0C, 0x39EC, 0x39EC,
  0x39EC, 0x3A0D, 0x3A2E, 0x3A70, 0x4AAA, 0x4AAA, 0x4AAA, 0x4AAA, 0x4AAA, 0x4AAA, 0x4ACA, 0x4ACA,
  0x4ACA, 0x4ACA, 0x5B4C, 0x7C50, 0x8CD2, 0x8D13, 0x8D13, 0x9534, 0x9534, 0x8CF3, 0x7C71, 0x8492,
  0x9534, 0x9555, 0x9534, 0x9534, 0x9534, 0x9534, 0x84B2, 0x7C71, 0xBDB5, 0xCE17, 0xCE17, 0xC5F6,
  0xBD75, 0xB574, 0xBD54, 0xB554, 0xB554, 0xB534, 0xBD54, 0xBD74, 0xBD74, 0xBD95, 0xBD95, 0xBD95,
  0xBD95, 0xBD95, 0xC5B5, 0xC5B5, 0xC595, 0xC595, 0xBD95, 0xBD75, 0xBD95, 0xBD75, 0xBD95, 0xBD75,
  0xBD75, 0xBD75, 0xB554, 0xB575, 0xB555, 0xB575, 0xB554, 0xB534, 0xB534, 0xAD13, 0xAD13, 0xAD13,
  0xACF3, 0xACF3, 0xA4F3, 0xACF3, 0xACF3, 0xACF3, 0xA4D2, 0x9CB2, 0x9C91, 0x9C90, 0x9490, 0x946F,
  0x946F, 0x948F, 0x9490, 0x9490, 0x9CD2, 0xA4F3, 0xA513, 0xAD57, 0xAD7B, 0xBDFC, 0xC61D, 0xC63D,
  0xC65D, 0xC65D, 0xC65D, 0xC65D, 0xCE5D, 0xCE5D, 0xCE5D, 0xCE5D, 0xCE3D, 0xCE3D, 0xC63D, 0xC61D,
  0xC61D, 0xC61C, 0xBDFC, 0xBDFC, 0xBDDB, 0xB5BB, 0xB59A, 0xAD59, 0xA518, 0x9CD7, 0x8C76, 0x8414,
  0x73B3, 0x6B71, 0x6330, 0x5B10, 0x52CF, 0x528E, 0x4A6E, 0x424D, 0x422C, 0x39EC, 0x39CB, 0x31AB,
  0x4269, 0x4269, 0x4269, 0x4269, 0x4289, 0x4289, 0x428A, 0x4289, 0x4289, 0x428A, 0x5B4D, 0x7C71,
  0x8CF3, 0x9534, 0x9534, 0x9554, 0x9554, 0x8D14, 0x7C92, 0x84D3, 0x9555, 0x9D75, 0x9D75, 0x9555,
  0x9554, 0x9554, 0x84D3, 0x8CB2, 0xC5F6, 0xD637, 0xD637, 0xCE17, 0xC5D6, 0xBD95, 0xBD74, 0xBD54,
  0xBD54, 0xBD54, 0xBD74, 0xBD74, 0xBD95, 0xC5B5, 0xC5B5, 0xC5B5, 0xC5B5, 0xC5B5, 0xC5D6, 0xC5D6,
  0xC5B5, 0xC5B5, 0xC5B5, 0xBD95, 0xC5B6, 0xBD75, 0xBD95, 0xBD75, 0xBD74, 0xBD75, 0xB554, 0xB554,
  0xB554, 0xB534, 0xB534, 0xAD33, 0xB534, 0xAD13, 0xAD13, 0xACF3, 0xA4F2, 0xACF3, 0xA4D2, 0xA4D2,
  0xA4D2, 0xA4B2, 0x9CB1, 0x9C90, 0x9470, 0x946F, 0x946F, 0x948F, 0x948F, 0x948F, 0x948F, 0x9490,
  0x9CB2, 0xA4D2, 0xA4F3, 0xAD57, 0xAD9C, 0xBDFD, 0xC63D, 0xC63D, 0xC65E, 0xC65E, 0xC65E, 0xC65E,
  0xCE5E, 0xCE5E, 0xCE5D, 0xCE5D, 0xCE5E, 0xC65D, 0xC65D, 0xC63D, 0xC63D, 0xC63D, 0xC61D, 0xC61C,
  0xBDFC, 0xBDDB, 0xB5DB, 0xB59A, 0xAD7A, 0xA539, 0x9CD7, 0x9496, 0x8C55, 0x8434, 0x7BF3, 0x73D3,
  0x6B92, 0x6351, 0x5B10, 0x5AF0, 0x52AF, 0x4A8E, 0x4A6D, 0x424D, 0x3A28, 0x3A28, 0x3A49, 0x3A49,
  0x3A49, 0x3A49, 0x3A69, 0x3A49, 0x3A49, 0x3A49, 0x532C, 0x7C71, 0x9514, 0x9534, 0x9554, 0x9554,
  0x9554, 0x8D14, 0x7C92, 0x84B3, 0x9534, 0x9D75, 0x9D75, 0x9555, 0x9D55, 0x9D55, 0x84D3, 0x8CD3,
  0xD617, 0xDE57, 0xD658, 0xCE17, 0xC5B5, 0xC595, 0xBD95, 0xBD74, 0xBD54, 0xBD54, 0xBD74, 0xBD94,
  0xC595, 0xC5B5, 0xC5B5, 0xC5B5, 0xC5B5, 0xC5D6, 0xC5D6, 0xC5D6, 0xC5B5, 0xC5B6, 0xC5B5, 0xBD95,
  0xC595, 0xB554, 0xBD95, 0xB554, 0xB574, 0xB554, 0xB533, 0xB554, 0xB533, 0xB533, 0xAD33, 0xAD13,
  0xAD13, 0xACF2, 0xACF3, 0xA4F2, 0xA4D2, 0xA4D2, 0x9CB1, 0xA4B1, 0x9C91, 0x9C91, 0x9C91, 0x9470,
  0x9470, 0x9470, 0x9470, 0x9470, 0x9490, 0x946F, 0x9490, 0x9C90, 0x9CB1, 0x9CD2, 0xA4F2, 0xAD77,
  0xBDFD, 0xC63E, 0xCE5F, 0xCE7E, 0xCE7F, 0xCE7F, 0xCE7E, 0xCE7E, 0xCE7E, 0xCE7E, 0xCE7E, 0xCE7E,
  0xCE7E, 0xCE7E, 0xCE7E, 0xC65E, 0xC65D, 0xC63D, 0xC63D, 0xC63D, 0xC61C, 0xBE1C, 0xBDFC, 0xBDDB,
  0xB5BB, 0xAD7A, 0xA539, 0xA518, 0x9CF8, 0x94B7, 0x9496, 0x8C76, 0x8435, 0x7C14, 0x73D3, 0x73B2,
  0x6B72, 0x6351, 0x6330, 0x5B10, 0x3A28, 0x3A28, 0x3A28, 0x3A28, 0x3A49, 0x3A49, 0x3A49, 0x3A49,
  0x3A49, 0x3A49, 0x42AA, 0x6BCF, 0x84D2, 0x9514, 0x9534, 0x9534, 0x9534, 0x8CF3, 0x7C71, 0x7451,
  0x84D2, 0x9534, 0x9555, 0x9534, 0x9534, 0x8D14, 0x7C92, 0x8CD2, 0xCDD6, 0xCE16, 0xCDF6, 0xC5B6,
  0xC5B5, 0xC5B5, 0xC5B5, 0xBD95, 0xBD74, 0xC595, 0xC595, 0xC595, 0xC5B5, 0xC5B5, 0xC5B5, 0xC5B5,
  0xC5B5, 0xC5B5, 0xC5D6, 0xC5D6, 0xC5B5, 0xC595, 0xC595, 0xBD54, 0xBD75, 0xB554, 0xBD95, 0xBD74,
  0xB554, 0xBD74, 0xB533, 0xB574, 0xB533, 0xB533, 0xAD13, 0xACF2, 0xACF2, 0xA4D2, 0xA4F2, 0xA4D2,
  0xA4B2, 0xA4B2, 0xA4B1, 0xA4D1, 0xA4B1, 0xA4D1, 0xA4B1, 0x9CB1, 0x9C91, 0x9C90, 0x9C90, 0x9470,
  0x9470, 0x9470, 0x9470, 0x9C91, 0x9CB1, 0x9CD2, 0xA4D2, 0xB598, 0xCE9F, 0xD6BF, 0xD6DF, 0xDEFF,
  0xDEFF, 0xD6FF, 0xDEDF, 0xDEDF, 0xD6FF, 0xD6DF, 0xD6DF, 0xD6DF, 0xD6DF, 0xD6DF, 0xD6DF, 0xD6BF,
  0xD6BF, 0xCE9F, 0xCE9E, 0xCE7E, 0xCE7E, 0xCE7D, 0xC65D, 0xC63D, 0xC61C, 0xBDFB, 0xB5BB, 0xB59A,
  0xAD7A, 0xA559, 0xA539, 0x9CF8, 0x94D8, 0x94B7, 0x8C76, 0x8455, 0x8435, 0x7C14, 0x7BD4, 0x73B3,
  0x3A29, 0x3A29, 0x3A49, 0x3A49, 0x3A49, 0x3A49, 0x3A49, 0x3A49, 0x3A69, 0x3A69, 0x3A69, 0x4AEB,
  0x6BCF, 0x7C71, 0x84B2, 0x84B2, 0x7451, 0x6BF0, 0x63CF, 0x63AF, 0x63AF, 0x6C10, 0x7C72, 0x7C92,
  0x7452, 0x7411, 0x63CF, 0x8470, 0xC5B5, 0xC5D6, 0xC5B5, 0xBD95, 0xBD95, 0xC5B5, 0xC5B5, 0xC5B5,
  0xC595, 0xC595, 0xC5B5, 0xC5B5, 0xC5D5, 0xC5B5, 0xC595, 0xBD95, 0xC5B5, 0xCDD6, 0xCDD6, 0xCDF6,
  0xCDD6, 0xC5B5, 0xC5B5, 0xBD95, 0xC5B5, 0xBD74, 0xC5B5, 0xBD74, 0xBD74, 0xBD75, 0xB533, 0xBD54,
  0xB533, 0xB533, 0xAD13, 0xACF3, 0xAD13, 0xA4F2, 0xACF3, 0xA4F2, 0xA4F2, 0xA4F2, 0xA4F2, 0xACF3,
  0xA4F2, 0xA4D2, 0xA4D2, 0x9CB1, 0x9C91, 0x9C91, 0x9C90, 0x9470, 0x9470, 0x9470, 0x9470, 0x9C90,
  0x9C91, 0x9CB2, 0x9CB2, 0xB5B9, 0xD6DF, 0xDEFF, 0xDF3F, 0xE73F, 0xE75F, 0xE75F, 0xE75F, 0xE75F,
  0xE75F, 0xE75F, 0xE75F, 0xE75F, 0xE73F, 0xE73F, 0xE73F, 0xE73F, 0xE73F, 0xDF1F, 0xDF1F, 0xDF1F,
  0xDEFF, 0xDEFF, 0xD6DF, 0xD6DF, 0xD6BF, 0xD69F, 0xCE9E, 0xCE7E, 0xC65E, 0xC63D, 0xC61D, 0xBDFD,
  0xBDDC, 0xB5BB, 0xAD9B, 0xAD5A, 0xA53A, 0xA539, 0x9CF8, 0x94D8, 0x3A49, 0x3A69, 0x3A69, 0x4269,
  0x426A, 0x428A, 0x428A, 0x428A, 0x428A, 0x428A, 0x428A, 0x428A, 0x4ACB, 0x4B0C, 0x534D, 0x534D,
  0x532C, 0x530C, 0x530D, 0x532D, 0x530D, 0x530D, 0x5B4E, 0x5B6E, 0x5B4E, 0x5B4E, 0x534D, 0x8470,
  0xC5D6, 0xCDF6, 0xCDD6, 0xC5B5, 0xBD95, 0xBD75, 0xBD74, 0xBD74, 0xBD74, 0xBD74, 0xC595, 0xC5B5,
  0xC5B5, 0xBD95, 0xBD74, 0xBD74, 0xBD74, 0xBD95, 0xBD95, 0xBD95, 0xBD95, 0xB554, 0xB554, 0xB534,
  0xB554, 0xB534, 0xB554, 0xB534, 0xB533, 0xB534, 0xAD13, 0xAD13, 0xAD13, 0xAD13, 0xAD13, 0xACF3,
  0xAD13, 0xA4F2, 0xA4F2, 0xA4F2, 0xA4F2, 0xA4F2, 0xA4D2, 0xA4F2, 0xA4D2, 0xA4D2, 0xA4D2, 0x9CB1,
  0x9C91, 0x9C91, 0x9C91, 0x9C90, 0x9C90, 0x9470, 0x9470, 0x9470, 0x9471, 0x9CB2, 0xA4D3, 0xBDD9,
  0xDF1F, 0xE75F, 0xEF9F, 0xEF9F, 0xEFBF, 0xEFBF, 0xF7BF, 0xF7BF, 0xF7BF, 0xF7BF, 0xF7BF, 0xF7BF,
  0xF7BF, 0xF7BF, 0xF7BF, 0xF7BF, 0xF79F, 0xEF9F, 0xEF7F, 0xEF7F, 0xEF7F, 0xEF5F, 0xE75F, 0xE73F,
  0xE73F, 0xDF1F, 0xDF1F, 0xDF1F, 0xDF1F, 0xDEFF, 0xDEFF, 0xD6DF, 0xD6BF, 0xD6BF, 0xCE9E, 0xCE7E,
  0xCE7E, 0xCE5E, 0xC63E, 0xC63D, 0x428A, 0x428A, 0x428A, 0x428A, 0x42AA, 0x42AB, 0x42AB, 0x42AB,
  0x4AAB, 0x4AAB, 0x4ACB, 0x4ACB, 0x4ACB, 0x4ACB, 0x4AEC, 0x4B0C, 0x530C, 0x530C, 0x532D, 0x532D,
  0x534D, 0x534D, 0x534D, 0x5B6D, 0x5B8E, 0x638E, 0x5B6E, 0x8C91, 0xD616, 0xD637, 0xD637, 0xD617,
  0xCE16, 0xCDF6, 0xCDD6, 0xCDB5, 0xC595, 0xC575, 0xC595, 0xCDD6, 0xCDD6, 0xCDD6, 0xCDD6, 0xC5B5,
  0xC595, 0xBD95, 0xBD95, 0xBD95, 0xBD95, 0xB554, 0xB575, 0xB554, 0xB554, 0xB534, 0xB554, 0xB534,
  0xAD13, 0xB534, 0xAD13, 0xAD13, 0xAD13, 0xAD13, 0xAD13, 0xACF3, 0xAD13, 0xACF3, 0xAD13, 0xA4F2,
  0xA4F2, 0xA4F2, 0xA4F2, 0xA4F2, 0xA4F2, 0xA4D2, 0xA4D2, 0x9CB1, 0x9C91, 0x9C91, 0x9C91, 0x9490,
  0x9470, 0x944F, 0x8C4F, 0x9450, 0x9471, 0xA4B2, 0xA4D3, 0xBDFA, 0xEF5F, 0xEF9F, 0xF7DF, 0xF7DF,
  0xFFDF, 0xFFFF, 0xFFFF, 0xFFFF, 0xFFFF, 0xFFFF, 0xFFFF, 0xFFFF, 0xFFFF, 0xFFFF, 0xFFFF, 0xFFFF,
  0xFFFF, 0xFFFF, 0xFFFF, 0xFFDF, 0xFFDF, 0xF7BF, 0xF79F, 0xEF7F, 0xEF7F, 0xEF7F, 0xEF7F, 0xEF7F,
  0xEF7F, 0xEF7F, 0xE75F, 0xE75F, 0xE73F, 0xE73F, 0xDF1F, 0xDF1F, 0xDF1F, 0xDF1F, 0xDEFF, 0xDEFF,
  0x4AAB, 0x4AAB, 0x4ACB, 0x4ACB, 0x4ACB, 0x4AEB, 0x4AEB, 0x4AEC, 0x4AEC, 0x4AEC, 0x4AEC, 0x4AEC,
  0x4AEC, 0x530C, 0x532D, 0x532D, 0x534D, 0x5B4D, 0x5B6E, 0x5B6E, 0x5B6E, 0x5B6E, 0x5B8E, 0x63AF,
  0x63AF, 0x63AF, 0x5BAF, 0x94B2, 0xD637, 0xD637, 0xD657, 0xD657, 0xD637, 0xD637, 0xD616, 0xD616,
  0xD5F6, 0xD5F6, 0xCDF6, 0xCDF6, 0xCDF6, 0xCDD6, 0xCDD6, 0xC5B5, 0xCDD6, 0xCDD6, 0xC5D5, 0xCDD6,
  0xC5B5, 0xC595, 0xC5B5, 0xBD74, 0xC595, 0xBD54, 0xBD75, 0xB554, 0xB534, 0xB554, 0xB533, 0xB554,
  0xB533, 0xB533, 0xAD33, 0xAD13, 0xAD33, 0xAD13, 0xAD13, 0xAD13, 0xA4F2, 0xA4F2, 0xA4F2, 0xA4F2,
  0xA4D2, 0xA4B2, 0x9CB1, 0x9C90, 0x9470, 0x9450, 0x9450, 0x944F, 0x8C4F, 0x8C2F, 0x8C4F, 0x944F,
  0x9C91, 0x9CB2, 0x9CB2, 0xC5FA, 0xEF9F, 0xF7DF, 0xF7FF, 0xFFFF, 0xFFFF, 0xFFFF, 0xFFFF, 0xFFFF,
  0xFFFF, 0xFFFF, 0xFFFF, 0xFFFF, 0xFFFF, 0xFFFF, 0xFFFF, 0xFFFF, 0xFFFF, 0xFFFF, 0xFFFF, 0xFFFF,
  0xFFFF, 0xFFFF, 0xFFFF, 0xFFDF, 0xF7BF, 0xF79F, 0xF7BF, 0xF7BF, 0xF7BF, 0xF7BF, 0xF7BF, 0xF79F,
  0xF79F, 0xEF9F, 0xEF9F, 0xEF7F, 0xEF7F, 0xEF7F, 0xEF7F, 0xEF7F, 0x4AEC, 0x4AEC, 0x4AEC, 0x4AEC,
  0x4B0C, 0x530C, 0x530D, 0x532D, 0x532D, 0x532D, 0x532D, 0x532D, 0x534E, 0x5B4E, 0x5B6E, 0x5B8F,
  0x5BAF, 0x63CF, 0x63D0, 0x63F0, 0x6BF0, 0x6C11, 0x6C31, 0x7431, 0x7451, 0x7452, 0x7452, 0x9D14,
  0xDE57, 0xDE57, 0xDE57, 0xDE57, 0xDE57, 0xDE57, 0xDE57, 0xDE36, 0xD637, 0xD617, 0xD616, 0xD616,
  0xD5F6, 0xD617, 0xD617, 0xD637, 0xCDF6, 0xCDF6, 0xCDF6, 0xD617, 0xCDF6, 0xCDD6, 0xCDF6, 0xC5B6,
  0xCDD6, 0xC5B5, 0xC5B6, 0xBD75, 0xBD74, 0xBD74, 0xB554, 0xBD74, 0xB533, 0xB534, 0xB534, 0xAD13,
  0xAD33, 0xAD13, 0xAD13, 0xACF3, 0xA4F2, 0xA4D2, 0x9CB2, 0x9C91, 0x9C71, 0x9470, 0x8C2F, 0x8C50,
  0x9450, 0x9450, 0x9450, 0x9470, 0x944F, 0x944F, 0x9450, 0x9470, 0x9C91, 0x9CB2, 0x9CD3, 0xC61A,
  0xEF9F, 0xF7BF, 0xF7FF, 0xFFFF, 0xFFFF, 0xFFFF, 0xFFFF, 0xFFFF, 0xFFFF, 0xFFFF, 0xFFFF, 0xFFFF,
  0xFFFF, 0xFFFF, 0xFFFF, 0xFFFF, 0xFFFF, 0xFFFF, 0xFFFF, 0xFFFF, 0xFFFF, 0xFFFF, 0xFFFF, 0xFFFF,
  0xFFFF, 0xFFFF, 0xFFDF, 0xFFFF, 0xFFFF, 0xFFFF, 0xFFFF, 0xFFDF, 0xFFDF, 0xFFDF, 0xFFDF, 0xFFDF,
  0xFFDF, 0xFFDF, 0xF7BF, 0xF7BF, 0x63B0, 0x63D0, 0x63D0, 0x63F0, 0x6BF1, 0x6C11, 0x6C31, 0x7432,
  0x7452, 0x7472, 0x7473, 0x7C93, 0x7CB3, 0x7CB3, 0x84D4, 0x84F4, 0x8D15, 0x8D15, 0x8D35, 0x9556,
  0x9556, 0x9576, 0x9576, 0x9D76, 0x9D97, 0x9DB7, 0x9D77, 0xBDB6, 0xE698, 0xDE98, 0xDE77, 0xD637,
  0xD637, 0xD637, 0xDE57, 0xDE57, 0xDE57, 0xDE37, 0xDE37, 0xD616, 0xD5F6, 0xD5F6, 0xD5F6, 0xCE16,
  0xC5D5, 0xC5B5, 0xC5B5, 0xC5B5, 0xBD95, 0xBD75, 0xBD75, 0xBD75, 0xBD75, 0xB554, 0xB555, 0xB554,
  0xB534, 0xB554, 0xB534, 0xB534, 0xAD34, 0xAD14, 0xAD34, 0xA4D2, 0xA4F3, 0x9CB2, 0xA4B2, 0x9C91,
  0x9C91, 0x9471, 0x9470, 0x9450, 0x9450, 0x9450, 0x9450, 0x9470, 0x9470, 0x9C91, 0x9C90, 0x9C90,
  0x9C90, 0x9470, 0x9CB1, 0x9CB1, 0x9CB2, 0x9CB2, 0xAD35, 0xC63C, 0xE75F, 0xEF9F, 0xF7BF, 0xF7DF,
  0xFFFF, 0xFFFF, 0xFFFF, 0xFFFF, 0xFFFF, 0xFFFF, 0xFFFF, 0xFFFF, 0xFFFF, 0xFFFF, 0xFFFF, 0xFFFF,
  0xFFFF, 0xFFFF, 0xFFFF, 0xFFFF, 0xFFFF, 0xFFFF, 0xFFFF, 0xFFFF, 0xFFFF, 0xFFFF, 0xFFFF, 0xFFFF,
  0xFFFF, 0xFFFF, 0xFFFF, 0xFFFF, 0xFFFF, 0xFFFF, 0xFFFF, 0xFFFF, 0xFFFF, 0xFFFF, 0xFFFF, 0xFFFF,
  0x9536, 0x9556, 0x9556, 0x9577, 0x9D77, 0x9D97, 0x9D97, 0x9DB8, 0xA5D8, 0xA5D8, 0xA5D8, 0xA5F8,
  0xA5F9, 0xAE19, 0xAE19, 0xAE39, 0xB63A, 0xB65A, 0xB65A, 0xB65A, 0xB67A, 0xB67A, 0xB67A, 0xBE7A,
  0xBE9B, 0xBE9B, 0xBE59, 0xD698, 0xE698, 0xE698, 0xE6B9, 0xE698, 0xDE57, 0xD637, 0xD616, 0xD5F5,
  0xCDD5, 0xCDB5, 0xC5B5, 0xC5B5, 0xC5B5, 0xC595, 0xC5B5, 0xBD95, 0xBD95, 0xBD95, 0xB574, 0xBD74,
  0xB574, 0xB554, 0xB555, 0xB534, 0xB554, 0xB534, 0xB554, 0xAD34, 0xAD34, 0xAD34, 0xAD34, 0xAD34,
  0xAD34, 0xAD13, 0xAD13, 0xA4D2, 0xA4F3, 0x9CB2, 0xA4B2, 0x9C91, 0x9C91, 0x9CB2, 0x9CB1, 0x9CB1,
  0x9C91, 0x9C91, 0x9C91, 0x9C91, 0x9C91, 0x9C90, 0x9C90, 0x9C90, 0x9470, 0x9C90, 0x9CB1, 0x9C91,
  0x9C91, 0x9CB2, 0xBD97, 0xBDDB, 0xD6BE, 0xDF3F, 0xE75F, 0xEF7F, 0xF79F, 0xF7BF, 0xF7DF, 0xF7DF,
  0xFFDF, 0xFFDF, 0xFFDF, 0xFFFF, 0xFFFF, 0xFFFF, 0xFFFF, 0xFFFF, 0xFFFF, 0xFFFF, 0xFFFF, 0xFFFF,
  0xFFFF, 0xFFFF, 0xFFDF, 0xFFDF, 0xFFDF, 0xFFDF, 0xFFDF, 0xFFDF, 0xFFFF, 0xFFFF, 0xFFFF, 0xFFFF,
  0xFFFF, 0xFFFF, 0xFFFF, 0xFFFF, 0xFFFF, 0xFFFF, 0xFFFF, 0xFFFF, 0xB65A, 0xB67A, 0xB67A, 0xBE7A,
  0xBE9B, 0xBE9B, 0xBE9B, 0xBEBB, 0xBEBB, 0xBEBB, 0xC6DB, 0xC6DC, 0xC6FC, 0xC6FC, 0xC6FC, 0xC6FC,
  0xCF1C, 0xCF1C, 0xCF1C, 0xCF1C, 0xCF1D, 0xCF3D, 0xCF3D, 0xCF3D, 0xCF3D, 0xCF5D, 0xD71B, 0xE6D9,
  0xE698, 0xDE57, 0xDE78, 0xE698, 0xE6B9, 0xE698, 0xE698, 0xDE57, 0xD616, 0xD5F6, 0xCDF5, 0xCDD5,
  0xCDB5, 0xC595, 0xC595, 0xBD95, 0xBD95, 0xBD95, 0xBD75, 0xBD95, 0xBD75, 0xBD75, 0xB555, 0xB554,
  0xB555, 0xB534, 0xB554, 0xB554, 0xAD54, 0xB554, 0xAD34, 0xAD34, 0xAD34, 0xAD13, 0xAD13, 0xA4D2,
  0xAD13, 0xA4D2, 0xAD13, 0xA4D2, 0xA4D2, 0xA4F2, 0xA4D2, 0x9CB2, 0x9CB1, 0x9C91, 0x9CB1, 0x9C91,
  0x9C91, 0x9490, 0x9C90, 0x9C90, 0x9C90, 0x9C90, 0x9C91, 0x9C91, 0x9C91, 0x9471, 0xBD97, 0xC5FA,
  0xBDDB, 0xD6BF, 0xD6BF, 0xDEFF, 0xE71F, 0xE73F, 0xE75F, 0xE75F, 0xEF5F, 0xEF5F, 0xEF7F, 0xEF9F,
  0xF7BF, 0xF7BF, 0xF7DF, 0xF7DF, 0xF7DF, 0xF7DF, 0xF7DF, 0xF7DF, 0xF7DF, 0xF7BF, 0xEF7F, 0xEF7F,
  0xEF7F, 0xEF7F, 0xEF7F, 0xF79F, 0xF7BF, 0xF7BF, 0xF7BF, 0xF7BF, 0xFFDF, 0xFFDF, 0xFFDF, 0xFFDF,
  0xFFDF, 0xFFDF, 0xFFDF, 0xFFDF, 0xCF1C, 0xCF1C, 0xCF1C, 0xCF1D, 0xCF3D, 0xD73D, 0xD73D, 0xD73D,
  0xD73D, 0xD73D, 0xD75D, 0xD75D, 0xD75D, 0xD75D, 0xD75D, 0xDF7E, 0xDF7E, 0xDF7E, 0xDF7E, 0xDF9E,
  0xDF9E, 0xDF9E, 0xDF9E, 0xDF9E, 0xDF9E, 0xDFBF, 0xD73C, 0xD678, 0xDE98, 0xDE78, 0xDE37, 0xDE37,
  0xDE17, 0xDE37, 0xDE57, 0xDE37, 0xDE37, 0xDE57, 0xDE37, 0xE657, 0xE657, 0xE636, 0xD5F6, 0xC5B5,
  0xBD95, 0xBD75, 0xBD74, 0xBD74, 0xBD74, 0xB555, 0xB554, 0xB555, 0xBD75, 0xB555, 0xB575, 0xB554,
  0xB554, 0xAD54, 0xB534, 0xAD34, 0xAD34, 0xAD34, 0xAD13, 0xAD13, 0xAD13, 0xAD13, 0xA4F2, 0xA4F2,
  0xA4F2, 0xA4D2, 0xA4D2, 0xA4D2, 0xA4B2, 0xA4D2, 0xA4D2, 0xA4D2, 0xA4D2, 0xA4D2, 0x9CB1, 0xA4D1,
  0x9CB1, 0x9CB1, 0x9CB1, 0x9C91, 0x9470, 0x8C30, 0x9CB2, 0xB597, 0xAD57, 0xAD7B, 0xAD9C, 0xBDFD,
  0xC61D, 0xCE5E, 0xCE7E, 0xCE9F, 0xD69F, 0xD6BF, 0xDEDF, 0xDEDF, 0xDEFF, 0xDEFF, 0xE71F, 0xE71F,
  0xE71F, 0xE71F, 0xE73F, 0xE73F, 0xE73F, 0xDF1F, 0xDEFF, 0xDEDF, 0xDEDF, 0xDEFF, 0xE71F, 0xE71F,
  0xE73F, 0xEF5F, 0xEF5F, 0xEF5F, 0xEF5F, 0xEF7F, 0xEF5F, 0xEF7F, 0xEF7F, 0xEF7F, 0xF79F, 0xF79F,
  0xDF7E, 0xDF7E, 0xDF7E, 0xDF9E, 0xDF7E, 0xDF9E, 0xDF9E, 0xE79E, 0xE79E, 0xE79E, 0xE7BF, 0xE7BF,
  0xE7BF, 0xE7BF, 0xE7BF, 0xE7BF, 0xE7BF, 0xE7BF, 0xE7BF, 0xE7BF, 0xE7DF, 0xE7DF, 0xEFDF, 0xEFDF,
  0xE7DF, 0xE7DF, 0xDF3D, 0xC5F6, 0xC5F6, 0xD637, 0xD637, 0xD617, 0xCDD5, 0xCDB5, 0xC594, 0xBD94,
  0xBD74, 0xBD75, 0xC594, 0xCDD5, 0xCDB5, 0xCDB5, 0xC5B5, 0xBD95, 0xBD95, 0xC595, 0xBD94, 0xB574,
  0xB574, 0xB575, 0xB575, 0xB555, 0xBDB6, 0xD659, 0xCE59, 0xCE59, 0xC5D7, 0xBD75, 0xAD34, 0xAD34,
  0xB554, 0xAD34, 0xAD33, 0xAD34, 0xAD33, 0xAD33, 0xAD33, 0xAD13, 0xB554, 0xBD75, 0xAD13, 0xAD33,
  0xAD13, 0xAD13, 0xACF3, 0xA4D2, 0xA4D2, 0x9CB1, 0x9C91, 0x9490, 0x9470, 0x9470, 0x9470, 0x9471,
  0x9471, 0x9CB2, 0xAD35, 0xA514, 0x94B2, 0x52AF, 0x4A6F, 0x5AD0, 0x5B32, 0x6B73, 0x6BD4, 0x7415,
  0x8456, 0x8C97, 0x8CD8, 0x9519, 0x9D3A, 0xA55B, 0xAD9B, 0xADBC, 0xB5DD, 0xBDFD, 0xBE1D, 0xC63E,
  0xC65E, 0xC63E, 0xC61D, 0xC61D, 0xC63D, 0xC65D, 0xCE7E, 0xD69E, 0xD69E, 0xD69E, 0xD6BF, 0xD6BF,
  0xDEDF, 0xDEDF, 0xDEDF, 0xDEDF, 0xDEFF, 0xDEFF, 0xE6FF, 0xE71F, 0xE7BF, 0xE7BF, 0xE7BF, 0xE7BF,
  0xE7BF, 0xE7DF, 0xE7DF, 0xE7DF, 0xE7DF, 0xE7DF, 0xE7DF, 0xE7DF, 0xE7DF, 0xEFDF, 0xEFDF, 0xEFDF,
  0xEFDF, 0xEFDF, 0xEFDF, 0xEFDF, 0xEFDF, 0xEFDF, 0xEFFF, 0xEFFF, 0xEFDF, 0xEFFF, 0xDF5D, 0xBDB6,
  0xB554, 0xBD74, 0xBD95, 0xC595, 0xC5B5, 0xCDD5, 0xC5D5, 0xCDF5, 0xC5B5, 0xBD74, 0xB553, 0xAD33,
  0xAD13, 0xA4D2, 0x9CB2, 0x9471, 0x9C92, 0xAD13, 0xB554, 0xBD95, 0xBD75, 0xAD34, 0xAD13, 0xAD14,
  0xB575, 0xD659, 0xC618, 0xC5F8, 0xBD96, 0xB555, 0xAD34, 0xAD13, 0xAD34, 0xAD34, 0xAD13, 0xAD13,
  0xAD13, 0xAD13, 0xAD13, 0xA4F2, 0xA4F2, 0xA4F2, 0x9C91, 0x9C91, 0x9C71, 0x9471, 0x9451, 0x9471,
  0x9471, 0x9470, 0x9470, 0x9470, 0x9470, 0x9470, 0x9CB1, 0xA4D3, 0xAD14, 0xB555, 0xAD35, 0xA514,
  0x9CF5, 0x2107, 0x1084, 0x10A5, 0x18C5, 0x18E5, 0x1906, 0x2107, 0x2148, 0x2968, 0x2989, 0x31CA,
  0x31EB, 0x3A0C, 0x424D, 0x4A6E, 0x52AF, 0x52F0, 0x5B31, 0x6352, 0x6B93, 0x73F4, 0x7C15, 0x8455,
  0x8C76, 0x8CB8, 0x94D9, 0x9D19, 0xA53A, 0xAD5A, 0xAD7B, 0xB5BC, 0xBDDD, 0xBDFD, 0xBDFE, 0xC61E,
  0xC61E, 0xC63E, 0xCE3E, 0xCE3E, 0xE7DF, 0xE7DF, 0xE7DF, 0xE7DF, 0xE7DF, 0xE7DF, 0xE7DF, 0xEFDF,
  0xEFDF, 0xEFDF, 0xEFDF, 0xEFDF, 0xEFDF, 0xEFDF, 0xEFDF, 0xEFDF, 0xEFDF, 0xEFFF, 0xEFFF, 0xEFFF,
  0xEFFF, 0xEFFF, 0xEFDF, 0xEFDF, 0xEFDF, 0xEFFF, 0xDF5D, 0xBDD6, 0xB554, 0xB534, 0xB534, 0xB554,
  0xB553, 0xB554, 0xBD74, 0xBD74, 0xC594, 0xC594, 0xBD94, 0xBD94, 0xBD74, 0xB554, 0xB554, 0xAD33,
  0xAD33, 0xB554, 0xB574, 0xBDB6, 0xB554, 0x9C91, 0x8C50, 0x8C30, 0x8C30, 0x8C50, 0x8C30, 0x8C30,
  0x8C30, 0x9471, 0x9451, 0x8C10, 0x9451, 0x8C31, 0x8C30, 0x9450, 0x9470, 0x9CB1, 0x9C91, 0x9C91,
  0x9471, 0x9471, 0x9C91, 0x9C92, 0xA4B2, 0xA4F3, 0xA4F3, 0xA4F3, 0xACF3, 0xA4F3, 0xA4D2, 0x9CB2,
  0x9C91, 0x9470, 0x9CB1, 0x9CB2, 0x9C92, 0x9CB2, 0x9C92, 0xAD35, 0x9CB5, 0x2106, 0x10C4, 0x18E4,
  0x18E4, 0x18E4, 0x18E5, 0x2105, 0x1905, 0x18E5, 0x1905, 0x1905, 0x1905, 0x1905, 0x1905, 0x1905,
  0x1905, 0x1905, 0x2106, 0x2106, 0x2126, 0x2127, 0x2147, 0x2968, 0x2989, 0x29A9, 0x31CA, 0x39EB,
  0x3A2C, 0x424D, 0x4A8E, 0x52AF, 0x5AF0, 0x6331, 0x6B73, 0x73B4, 0x7BF5, 0x7C36, 0x8477, 0x8C98,
  0xE7BF, 0xE7DF, 0xE7BF, 0xE7BF, 0xE7BF, 0xE7BF, 0xE7DF, 0xE7DF, 0xE7DF, 0xE7BF, 0xE7BF, 0xE7BF,
  0xE7BF, 0xE7BF, 0xE7BF, 0xE7BF, 0xE7BF, 0xE7BF, 0xE7BF, 0xE7BF, 0xE7BF, 0xE7BF, 0xE7BF, 0xE7BF,
  0xE7BF, 0xE7BF, 0xDF3D, 0xB5B6, 0xAD33, 0xB533, 0xB533, 0xB534, 0xB533, 0xB533, 0xAD33, 0xAD13,
  0xB533, 0xAD13, 0xAD13, 0xAD13, 0xAD13, 0xAD13, 0xAD33, 0xAD33, 0xAD34, 0xB534, 0xB534, 0xB554,
  0xB554, 0xAD33, 0xAD13, 0xA4F3, 0xA4F3, 0xA4F2, 0xA4D2, 0xA4D2, 0x9CD2, 0x9CD2, 0xA4D2, 0xA4D2,
  0xA4D2, 0xA4F2, 0xA4D2, 0xA4F3, 0xA4F3, 0xA513, 0xACF3, 0xA4F3, 0xA4F3, 0xA4F3, 0xA4F3, 0xA4F3,
  0xA4D3, 0xA4D3, 0xA4F3, 0xA4D3, 0xA4D2, 0x9CB2, 0x9CB1, 0x9C91, 0x9470, 0x9470, 0x9490, 0x9C91,
  0x9491, 0x9C91, 0x9CB2, 0xAD15, 0x8C73, 0x2105, 0x18C4, 0x18E5, 0x2105, 0x2105, 0x2105, 0x2105,
  0x2105, 0x2105, 0x2125, 0x2125, 0x2125, 0x2125, 0x2926, 0x2126, 0x2126, 0x2125, 0x2125, 0x2125,
  0x2125, 0x2106, 0x2106, 0x2105, 0x2105, 0x2105, 0x2105, 0x1905, 0x1905, 0x18E5, 0x18E5, 0x18E5,
  0x18E5, 0x2106, 0x2106, 0x2127, 0x2148, 0x2968, 0x2989, 0x31AA, 0xE7BF, 0xE7BF, 0xE79F, 0xE79F,
  0xE79F, 0xE79F, 0xE79F, 0xE79F, 0xE79F, 0xDF9E, 0xDF9E, 0xE79F, 0xE79F, 0xDF9E, 0xDF7E, 0xDF9E,
  0xDF9E, 0xDF7E, 0xDF7E, 0xDF7E, 0xDF7E, 0xDF7E, 0xDF7E, 0xDF7E, 0xDF7E, 0xDF7F, 0xD6DC, 0xB595,
  0xB533, 0xB533, 0xB553, 0xB554, 0xBD54, 0xBD54, 0xB533, 0xB533, 0xB554, 0xB533, 0xB533, 0xAD33,
  0xAD33, 0xAD33, 0xAD33, 0xAD53, 0xAD34, 0xB534, 0xB534, 0xAD33, 0xAD13, 0xACF3, 0xA4D2, 0x9CB2,
  0x9CB2, 0x9C91, 0x9C91, 0x9471, 0x9471, 0x9471, 0x9471, 0x9471, 0x9471, 0x9471, 0x9471, 0x9471,
  0x9C91, 0x9C91, 0x9C91, 0x9471, 0x9471, 0x9471, 0x9471, 0x9C91, 0x9471, 0x9471, 0x9C92, 0x9C92,
  0x9C91, 0x9C91, 0x9CB2, 0x9CB1, 0x9C90, 0x9470, 0x9C91, 0x9CB1, 0x9C91, 0x9C71, 0x9CB1, 0xA4D4,
  0x8C32, 0x2946, 0x20E5, 0x2105, 0x2125, 0x2125, 0x2126, 0x2126, 0x2126, 0x2126, 0x2946, 0x2946,
  0x2946, 0x2946, 0x2946, 0x2946, 0x2946, 0x2946, 0x2946, 0x2946, 0x2946, 0x2946, 0x2946, 0x2925,
  0x2925, 0x2926, 0x2126, 0x2125, 0x2126, 0x2126, 0x2125, 0x2926, 0x2926, 0x2126, 0x2105, 0x2125,
  0x2125, 0x2125, 0x2125, 0x2125, 0xDF5E, 0xDF5E, 0xD75E, 0xD75E, 0xD75E, 0xD75D, 0xD75D, 0xD75D,
  0xD75D, 0xD75D, 0xD75D, 0xD73D, 0xD73D, 0xD73D, 0xD73D, 0xD73D, 0xD73D, 0xCF3D, 0xCF3D, 0xCF1D,
  0xCF1D, 0xCF1D, 0xCF1C, 0xCEFC, 0xCEFC, 0xCEFD, 0xCE7A, 0xB575, 0xB553, 0xB553, 0xB554, 0xBD74,
  0xBD74, 0xBD74, 0xBD74, 0xBD94, 0xC594, 0xBD74, 0xBD53, 0xB573, 0xB553, 0xB554, 0xB554, 0xB574,
  0xBD95, 0xC5D5, 0xCDF6, 0xCDF6, 0xC5B5, 0xB554, 0xAD34, 0xAD13, 0xA4F3, 0xA4D2, 0xA4D2, 0xA4D2,
  0x9CB2, 0x9CB2, 0x9CB2, 0x9C92, 0x9CB2, 0x9CB2, 0x9CB2, 0x9CB2, 0x9CB2, 0x9CB2, 0x9CD2, 0x9CB2,
  0x9CB2, 0x9CB1, 0x9C91, 0x9C92, 0x9CB2, 0x9CB2, 0xA4D2, 0xA4D2, 0xA4D2, 0xA4D2, 0x9CB2, 0x9C91,
  0x9470, 0x9470, 0x9490, 0x9490, 0x9470, 0x9C70, 0x9C91, 0x9CD3, 0x8C52, 0x2967, 0x2105, 0x2126,
  0x2946, 0x2946, 0x2946, 0x2946, 0x2946, 0x2946, 0x2946, 0x2966, 0x2966, 0x2966, 0x2966, 0x2966,
  0x2966, 0x2966, 0x2966, 0x2966, 0x2966, 0x2966, 0x2946, 0x2946, 0x2946, 0x2946, 0x2946, 0x2926,
  0x2926, 0x2946, 0x2946, 0x2946, 0x2946, 0x2946, 0x2946, 0x2946, 0x2946, 0x2946, 0x2946, 0x2946,
  0xCEFC, 0xCEDC, 0xCEDC, 0xCEDC, 0xC6DB, 0xC6DB, 0xC6DB, 0xC6BB, 0xC6BB, 0xC6BB, 0xC69B, 0xC69B,
  0xC69B, 0xC69A, 0xBE7A, 0xBE7A, 0xBE5A, 0xBE5A, 0xBE3A, 0xBE3A, 0xBE39, 0xB639, 0xB639, 0xB619,
  0xAE19, 0xADF9, 0xBDF7, 0xB554, 0xAD33, 0xB554, 0xB554, 0xBD54, 0xBD54, 0xBD54, 0xBD54, 0xBD74,
  0xC595, 0xC595, 0xC595, 0xC595, 0xC5B5, 0xBDB5, 0xBD95, 0xBDB5, 0xC5D5, 0xC5F6, 0xDE78, 0xE6B9,
  0xCDF7, 0xB554, 0xAD34, 0xAD13, 0xAD13, 0xAD13, 0xACF3, 0xA4F2, 0xACF2, 0xA4F2, 0xA4F2, 0xA4F2,
  0xA4F2, 0xA4F2, 0xA4D2, 0xA4F2, 0xA4F3, 0xA4F3, 0xA4F3, 0xA4D3, 0xA4D3, 0xA4D2, 0xA4B2, 0xA4D2,
  0xA4D2, 0xA4D2, 0xA4D2, 0xA4B2, 0x9CB1, 0x9C91, 0x9C91, 0x9C90, 0x9470, 0x9490, 0x9C90, 0x9490,
  0x9470, 0x9470, 0x9471, 0xA4F4, 0x9493, 0x3167, 0x2105, 0x2946, 0x2966, 0x2966, 0x2967, 0x2967,
  0x2967, 0x3187, 0x3187, 0x3187, 0x3187, 0x3187, 0x3187, 0x3187, 0x3187, 0x3187, 0x3187, 0x3187,
  0x3187, 0x3187, 0x3166, 0x2966, 0x2966, 0x2966, 0x2966, 0x2966, 0x2966, 0x2966, 0x2966, 0x2966,
  0x2966, 0x2966, 0x2966, 0x2966, 0x3166, 0x2966, 0x3166, 0x3186, 0xB619, 0xAE19, 0xB5F8, 0xB5F8,
  0xADF8, 0xADD8, 0xADD8, 0xADD8, 0xADB7, 0xADB7, 0xA597, 0xA577, 0xA576, 0x9D56, 0x9D35, 0x9D15,
  0x9D15, 0x94F4, 0x94D3, 0x94B3, 0x94B3, 0x8C93, 0x8C92, 0x8C72, 0x8472, 0x8431, 0x94B2, 0xB574,
  0xB574, 0xB574, 0xBD74, 0xBD74, 0xBD74, 0xBD74, 0xBD74, 0xBD54, 0xB554, 0xB554, 0xB533, 0xB554,
  0xB574, 0xB574, 0xBD94, 0xCDF6, 0xC5F6, 0xCDF6, 0xDE58, 0xE698, 0xCDD7, 0xB534, 0xAD34, 0xAD33,
  0xAD13, 0xAD13, 0xAD13, 0xAD13, 0xAD13, 0xA4F2, 0xACF2, 0xA4D2, 0xA4D2, 0xA4D2, 0xA4D2, 0xA4D2,
  0xACD2, 0xA4D2, 0xA4D2, 0xA4B2, 0xA4B2, 0xA4B2, 0xA4B2, 0xA4B2, 0xA492, 0x9CB2, 0x9C91, 0x9C91,
  0x9C91, 0x9CB1, 0xA4B2, 0x9CD1, 0x9C90, 0x9C90, 0x9CB0, 0x94B0, 0x9470, 0x9450, 0x9470, 0xA4F4,
  0x9453, 0x3167, 0x2126, 0x2946, 0x2966, 0x2966, 0x2967, 0x3187, 0x3187, 0x3187, 0x3187, 0x3187,
  0x31A7, 0x31A7, 0x31A7, 0x31A7, 0x31A7, 0x31A7, 0x31A7, 0x31A7, 0x31A7, 0x31A7, 0x31A7, 0x3187,
  0x3187, 0x3187, 0x3187, 0x3187, 0x3187, 0x3187, 0x3187, 0x3187, 0x3187, 0x3187, 0x3187, 0x3187,
  0x3187, 0x31A7, 0x31A7, 0x31A7,
};

#endif  // IMG_RGB565_H
